,TEAM_ABBREVIATION,PLAYER_NAME,SEASON_ID,GAME_ID,GAME_DATE,MATCHUP,MINUTES,EFG_PCT,FTA_RATE,TM_TOV_PCT,OREB_PCT,OPP_EFG_PCT,OPP_FTA_RATE,OPP_TOV_PCT,OPP_OREB_PCT,GAME_COUNT
0,IND,AJ Price,22010,0021000152,2010-11-16,IND vs. ATL,,,,,,,,,,0
1,IND,AJ Price,22010,0021000168,2010-11-18,IND vs. LAC,10.683333333333334,0.462,0.692,0.191,0.0,0.6,0.4,0.185,0.0,1
2,IND,AJ Price,22010,0021000183,2010-11-20,IND vs. ORL,16.058333333333334,0.538,0.44599999999999995,0.158,0.088,0.4325,0.4355,0.1435,0.1365,2
3,IND,AJ Price,22010,0021000285,2010-12-03,IND @ PHX,14.883333333333333,0.5333333333333333,0.345,0.16,0.11933333333333333,0.49666666666666665,0.457,0.16666666666666666,0.13266666666666668,3
4,IND,AJ Price,22010,0021000302,2010-12-06,IND vs. TOR,11.1625,0.4,0.25875,0.12,0.0895,0.3725,0.34275,0.125,0.0995,4
5,IND,AJ Price,22010,0021000319,2010-12-08,IND @ MIL,9.683333333333334,0.445,0.507,0.1222,0.0716,0.3646,0.2742,0.16,0.22240000000000001,5
6,IND,AJ Price,22010,0021000330,2010-12-10,IND vs. CHA,8.069444444444445,0.37083333333333335,0.42250000000000004,0.10183333333333333,0.059666666666666666,0.30383333333333334,0.2285,0.13333333333333333,0.18533333333333335,6
7,IND,AJ Price,22010,0021000342,2010-12-11,IND @ ATL,6.916666666666666,0.3178571428571429,0.36214285714285716,0.08728571428571429,0.05114285714285714,0.2604285714285714,0.19585714285714287,0.1142857142857143,0.15885714285714286,7
8,IND,AJ Price,22010,0021000400,2010-12-19,IND @ BOS,7.3625,0.34425,0.353625,0.09325,0.04475,0.2945,0.221375,0.12425,0.15687500000000001,8
9,IND,AJ Price,22010,0021000408,2010-12-20,IND vs. NOH,6.544444444444444,0.306,0.31433333333333335,0.08288888888888889,0.03977777777777777,0.2617777777777778,0.19677777777777777,0.11044444444444444,0.13944444444444445,9
10,IND,AJ Price,22010,0021000464,2010-12-29,IND @ WAS,5.89,0.2754,0.28290000000000004,0.0746,0.0358,0.23559999999999998,0.17709999999999998,0.0994,0.1255,10
11,IND,AJ Price,22010,0021000478,2010-12-31,IND vs. WAS,5.0600000000000005,0.2792,0.2137,0.0955,0.0358,0.20890000000000003,0.20380000000000004,0.12189999999999998,0.17550000000000002,11
12,IND,AJ Price,22010,0021000536,2011-01-08,IND @ ATL,2.9166666666666665,0.2178,0.1937,0.083,0.0182,0.1824,0.1567,0.1117,0.1482,12
13,IND,AJ Price,22010,0021000562,2011-01-12,IND vs. DAL,2.2916666666666665,0.2104,0.21939999999999998,0.0751,0.025,0.1849,0.1267,0.12409999999999999,0.21070000000000003,13
14,IND,AJ Price,22010,0021000624,2011-01-19,IND @ GSW,2.2916666666666665,0.2104,0.21939999999999998,0.0751,0.025,0.1849,0.1267,0.12409999999999999,0.21070000000000003,14
15,IND,AJ Price,22010,0021000650,2011-01-22,IND @ POR,3.4983333333333335,0.19979999999999998,0.11379999999999998,0.0744,0.0536,0.182,0.14100000000000001,0.10670000000000002,0.14930000000000002,15
16,IND,AJ Price,22010,0021000652,2011-01-23,IND @ DEN,4.546666666666667,0.2404,0.1638,0.0852,0.0809,0.2467,0.1528,0.12680000000000002,0.1826,16
17,IND,AJ Price,22010,0021000668,2011-01-26,IND vs. ORL,7.256666666666666,0.30419999999999997,0.1936,0.0959,0.09590000000000001,0.3094,0.17629999999999998,0.1375,0.2142,17
18,IND,AJ Price,22010,0021000681,2011-01-28,IND vs. NJN,7.311666666666667,0.2918,0.1832,0.09159999999999999,0.1173,0.3347,0.1506,0.13040000000000002,0.2142,18
19,IND,AJ Price,22010,0021000693,2011-01-29,IND @ CHI,9.696666666666667,0.3567,0.2129,0.10089999999999999,0.1349,0.38,0.1944,0.15230000000000002,0.2475,19
20,IND,AJ Price,22010,0021000708,2011-01-31,IND vs. TOR,11.153333333333332,0.38530000000000003,0.2486,0.11079999999999998,0.1643,0.442,0.2264,0.1632,0.2839,20
21,IND,AJ Price,22010,0021000720,2011-02-02,IND @ CLE,12.538333333333334,0.376,0.2893,0.0856,0.1843,0.4487,0.1997,0.1405,0.2561,21
22,IND,AJ Price,22010,0021000734,2011-02-04,IND vs. POR,13.755,0.43920000000000003,0.3314,0.1111,0.2298,0.492,0.29969999999999997,0.1568,0.2686,22
23,IND,AJ Price,22010,0021000755,2011-02-06,IND @ NJN,15.193333333333333,0.4285,0.3314,0.12159999999999997,0.23810000000000003,0.4694,0.3039,0.13319999999999999,0.1989,23
24,IND,AJ Price,22010,0021000769,2011-02-08,IND @ MIA,17.121666666666666,0.4756,0.36569999999999997,0.13579999999999998,0.2907,0.5111,0.3306,0.15239999999999998,0.22559999999999997,24
25,IND,AJ Price,22010,0021000774,2011-02-09,IND vs. CHA,16.721666666666668,0.47850000000000004,0.35939999999999994,0.1404,0.32460000000000006,0.5438999999999999,0.33209999999999995,0.1532,0.22989999999999994,25
26,IND,AJ Price,22010,0021000787,2011-02-11,IND vs. MIN,17.196666666666665,0.4821000000000001,0.3556,0.14329999999999998,0.34019999999999995,0.5186999999999999,0.4149999999999999,0.1504,0.2239,26
27,IND,AJ Price,22010,0021000802,2011-02-12,IND @ MIL,16.05,0.4737,0.35440000000000005,0.13599999999999998,0.35019999999999996,0.4852999999999999,0.426,0.15239999999999998,0.2223,27
28,IND,AJ Price,22010,0021000818,2011-02-15,IND vs. MIA,16.056666666666665,0.46740000000000004,0.38280000000000003,0.1442,0.36519999999999997,0.4484,0.43390000000000006,0.15460000000000002,0.22619999999999996,28
29,IND,AJ Price,22010,0021000828,2011-02-16,IND @ DET,15.343333333333334,0.45569999999999994,0.37890000000000007,0.1441,0.3832999999999999,0.4514,0.4142,0.147,0.20540000000000003,29
30,IND,AJ Price,22010,0021000839,2011-02-22,IND @ WAS,15.659999999999997,0.4771000000000001,0.37450000000000006,0.14040000000000002,0.3872,0.45030000000000003,0.4041,0.14550000000000002,0.20900000000000002,30
31,IND,AJ Price,22010,0021000848,2011-02-23,IND vs. DET,16.418333333333333,0.47280000000000005,0.38830000000000003,0.13890000000000002,0.40049999999999997,0.4532,0.3903,0.1476,0.20579999999999998,31
32,IND,AJ Price,22010,0021000862,2011-02-25,IND vs. UTA,16.773333333333333,0.4439,0.3662,0.1315,0.41000000000000003,0.4545,0.32599999999999996,0.13790000000000002,0.21679999999999996,32
33,IND,AJ Price,22010,0021000879,2011-02-27,IND vs. PHX,16.273333333333333,0.44889999999999997,0.38689999999999997,0.1189,0.41000000000000003,0.45649999999999996,0.3092,0.15050000000000002,0.24229999999999996,33
34,IND,AJ Price,22010,0021000894,2011-03-01,IND vs. GSW,16.828333333333333,0.4468,0.3776,0.12160000000000001,0.3824000000000001,0.4565,0.2991999999999999,0.1459,0.23299999999999996,34
35,IND,AJ Price,22010,0021000908,2011-03-02,IND @ OKC,17.115000000000002,0.4282,0.3567000000000001,0.11140000000000001,0.3449000000000001,0.4513,0.2914,0.1433,0.22869999999999996,35
36,IND,AJ Price,22010,0021000921,2011-03-04,IND @ DAL,16.865,0.4182,0.37370000000000003,0.1129,0.32200000000000006,0.4776999999999999,0.24220000000000003,0.1339,0.23139999999999997,36
37,IND,AJ Price,22010,0021000927,2011-03-05,IND @ HOU,16.751666666666665,0.39820000000000005,0.3826,0.1233,0.31700000000000006,0.5063,0.2814,0.1433,0.2378,37
38,IND,AJ Price,22010,0021000949,2011-03-08,IND vs. PHI,16.74,0.4159,0.36210000000000003,0.1207,0.32680000000000003,0.509,0.2814,0.156,0.23070000000000004,38
39,IND,AJ Price,22010,0021000960,2011-03-09,IND @ MIN,17.10333333333333,0.41720000000000007,0.38780000000000003,0.1256,0.3178000000000001,0.5078999999999999,0.299,0.15550000000000003,0.24090000000000003,39
40,IND,AJ Price,22010,0021000970,2011-03-11,IND @ TOR,17.826666666666664,0.4114,0.3844,0.1347,0.2993,0.49479999999999985,0.3127,0.16119999999999998,0.23010000000000003,40
41,IND,AJ Price,22010,0021000989,2011-03-13,IND @ NYK,16.94666666666667,0.42700000000000005,0.3619,0.1289,0.29460000000000003,0.514,0.32789999999999997,0.14450000000000002,0.2726,41
42,IND,AJ Price,22010,0021001000,2011-03-15,IND vs. NYK,16.34666666666667,0.4391000000000001,0.3776,0.1316,0.2521,0.5393999999999999,0.3455,0.15839999999999999,0.29910000000000003,42
43,IND,AJ Price,22010,0021001004,2011-03-16,IND @ BOS,16.33166666666667,0.4415,0.35439999999999994,0.151,0.2573,0.5549999999999999,0.36479999999999996,0.1449,0.29910000000000003,43
44,IND,AJ Price,22010,0021001017,2011-03-18,IND vs. CHI,15.275000000000002,0.4246,0.3357,0.1449,0.2767,0.5632999999999999,0.42590000000000006,0.14220000000000002,0.29710000000000003,44
45,IND,AJ Price,22010,0021001031,2011-03-19,IND @ MEM,15.26666666666667,0.41719999999999996,0.3276,0.14540000000000003,0.2946,0.5552999999999999,0.43390000000000006,0.15300000000000002,0.3287999999999999,45
46,IND,AJ Price,22010,0021001045,2011-03-21,IND @ NJN,15.893333333333334,0.42779999999999996,0.31960000000000005,0.14020000000000002,0.2746,0.5394,0.4042,0.1619,0.33409999999999995,46
47,IND,AJ Price,22010,0021001054,2011-03-23,IND @ CHA,14.443333333333333,0.39239999999999997,0.2821000000000001,0.1264,0.2546,0.48149999999999993,0.3305,0.13979999999999998,0.29769999999999996,47
48,IND,AJ Price,22010,0021001068,2011-03-25,IND vs. SAC,15.264999999999997,0.38859999999999995,0.3033,0.1279,0.2251,0.47680000000000006,0.3497,0.12329999999999999,0.29369999999999996,48
49,IND,AJ Price,22010,0021001083,2011-03-26,IND @ DET,15.245,0.37,0.2774,0.12979999999999997,0.2464,0.49240000000000006,0.3183,0.1172,0.30670000000000003,49
50,IND,AJ Price,22010,0021001097,2011-03-28,IND vs. BOS,15.169999999999998,0.3899,0.2803,0.12869999999999998,0.27159999999999995,0.5135,0.29890000000000005,0.11849999999999998,0.3042,50
51,IND,AJ Price,22010,0021001107,2011-03-30,IND vs. DET,15.636666666666667,0.40750000000000003,0.284,0.13989999999999997,0.2612,0.48840000000000006,0.29080000000000006,0.1359,0.24860000000000002,51
52,IND,AJ Price,22010,0021001120,2011-04-01,IND vs. MIL,16.828333333333333,0.40279999999999994,0.2793,0.13840000000000002,0.2872,0.466,0.257,0.13079999999999997,0.22719999999999999,52
53,IND,AJ Price,22010,0021001147,2011-04-03,IND @ NOH,16.389999999999997,0.4154,0.2548,0.1126,0.27949999999999997,0.45600000000000007,0.2525,0.12689999999999999,0.21639999999999998,53
54,IND,AJ Price,22010,0021001163,2011-04-06,IND vs. WAS,17.236666666666668,0.44370000000000004,0.2767,0.1155,0.2667,0.4479,0.23600000000000004,0.1404,0.24219999999999997,54
55,IND,AJ Price,22010,0021001176,2011-04-08,IND vs. ATL,17.744999999999997,0.4766,0.29429999999999995,0.1312,0.2238,0.44980000000000003,0.29410000000000003,0.1398,0.21589999999999998,55
56,IND,AJ Price,22010,0021001198,2011-04-10,IND vs. NYK,17.32333333333333,0.46929999999999994,0.27349999999999997,0.1301,0.25539999999999996,0.44580000000000003,0.3423,0.1351,0.19729999999999998,56
57,IND,AJ Price,22010,0021001219,2011-04-13,IND @ ORL,18.306666666666665,0.534,0.3088,0.1446,0.2954,0.5041,0.4173,0.1551,0.19729999999999998,57
58,IND,AJ Price,22011,0021100010,2011-12-26,IND vs. DET,,,,,,,,,,0
59,IND,AJ Price,22011,0021100023,2011-12-28,IND @ TOR,0.0,0.0,0.0,0.0,0.0,0.0,0.0,0.0,0.0,1
60,IND,AJ Price,22011,0021100040,2011-12-30,IND vs. CLE,0.0,0.0,0.0,0.0,0.0,0.0,0.0,0.0,0.0,2
61,IND,AJ Price,22011,0021100051,2011-12-31,IND @ DET,0.0,0.0,0.0,0.0,0.0,0.0,0.0,0.0,0.0,3
62,IND,AJ Price,22011,0021100068,2012-01-02,IND @ NJN,0.0,0.0,0.0,0.0,0.0,0.0,0.0,0.0,0.0,4
63,IND,AJ Price,22011,0021100086,2012-01-04,IND @ MIA,0.5700000000000001,0.16,0.0,0.0334,0.0,0.13340000000000002,0.1,0.0,0.0,5
64,IND,AJ Price,22011,0021100102,2012-01-06,IND @ BOS,1.3444444444444443,0.18883333333333333,0.3055,0.064,0.0,0.22233333333333336,0.13883333333333334,0.07766666666666668,0.0,6
65,IND,AJ Price,22011,0021100111,2012-01-07,IND vs. CHA,3.145238095238095,0.2367142857142857,0.30271428571428566,0.06742857142857142,0.03571428571428571,0.24942857142857142,0.18628571428571425,0.08485714285714287,0.0,7
66,IND,AJ Price,22011,0021100127,2012-01-09,IND @ PHI,4.54375,0.278125,0.299,0.090625,0.08125,0.2375,0.18699999999999997,0.10425000000000001,0.041625,8
67,IND,AJ Price,22011,0021100144,2012-01-11,IND vs. ATL,5.7518518518518515,0.2728888888888889,0.3298888888888889,0.09422222222222222,0.09833333333333333,0.25655555555555554,0.20155555555555554,0.11766666666666668,0.04555555555555556,9
68,IND,AJ Price,22011,0021100159,2012-01-13,IND @ TOR,5.715,0.2638,0.3333,0.10049999999999999,0.11069999999999999,0.2767,0.2231,0.11350000000000002,0.0743,10
69,IND,AJ Price,22011,0021100173,2012-01-14,IND vs. BOS,5.715,0.2638,0.3333,0.10049999999999999,0.11069999999999999,0.2767,0.2231,0.11350000000000002,0.0743,11
70,IND,AJ Price,22011,0021100211,2012-01-18,IND @ SAC,5.9783333333333335,0.28049999999999997,0.3333,0.1255,0.1707,0.3517,0.2231,0.1335,0.0743,12
71,IND,AJ Price,22011,0021100226,2012-01-20,IND @ GSW,5.9783333333333335,0.28049999999999997,0.3333,0.1255,0.1707,0.3517,0.2231,0.1335,0.0743,13
72,IND,AJ Price,22011,0021100241,2012-01-22,IND @ LAL,5.9783333333333335,0.28049999999999997,0.3333,0.1255,0.1707,0.3517,0.2231,0.1335,0.0743,14
73,IND,AJ Price,22011,0021100253,2012-01-24,IND vs. ORL,5.693333333333333,0.20049999999999998,0.3333,0.10880000000000001,0.1707,0.28500000000000003,0.1731,0.1335,0.0743,15
74,IND,AJ Price,22011,0021100261,2012-01-25,IND @ CHI,5.171666666666666,0.16720000000000002,0.15,0.0871,0.1707,0.2183,0.1398,0.0869,0.0743,16
75,IND,AJ Price,22011,0021100273,2012-01-27,IND @ BOS,3.7766666666666664,0.11479999999999999,0.1214,0.07830000000000001,0.1457,0.17709999999999998,0.0927,0.07409999999999999,0.0743,17
76,IND,AJ Price,22011,0021100294,2012-01-29,IND @ ORL,2.3433333333333333,0.05800000000000001,0.09409999999999999,0.053000000000000005,0.10569999999999999,0.1617,0.0735,0.0501,0.041,18
77,IND,AJ Price,22011,0021100310,2012-01-31,IND vs. NJN,1.1400000000000001,0.0949,0.0364,0.0693,0.0822,0.1708,0.1417,0.027600000000000003,0.0333,19
78,IND,AJ Price,22011,0021100322,2012-02-01,IND @ MIN,0.6016666666666667,0.0767,0.0,0.0536,0.06,0.125,0.1,0.02,0.0,20
79,IND,AJ Price,22011,0021100340,2012-02-03,IND @ DAL,2.07,0.1095,0.031,0.0661,0.0863,0.175,0.1571,0.0392,0.0111,21
80,IND,AJ Price,22011,0021100344,2012-02-04,IND vs. ORL,3.29,0.1313,0.0387,0.0523,0.0477,0.15,0.17880000000000001,0.034499999999999996,0.038400000000000004,22
81,IND,AJ Price,22011,0021100367,2012-02-07,IND vs. UTA,4.220000000000001,0.1782,0.06999999999999999,0.0627,0.062,0.1885,0.17880000000000001,0.07339999999999999,0.06699999999999999,23
82,IND,AJ Price,22011,0021100379,2012-02-08,IND @ ATL,5.42,0.2157,0.11499999999999999,0.0743,0.0711,0.2541,0.1913,0.10540000000000001,0.10699999999999998,24
83,IND,AJ Price,22011,0021100396,2012-02-10,IND @ MEM,6.573333333333333,0.2716,0.1679,0.088,0.0933,0.297,0.23420000000000002,0.1331,0.12129999999999999,25
84,IND,AJ Price,22011,0021100401,2012-02-11,IND vs. DEN,7.4816666666666665,0.30290000000000006,0.20539999999999997,0.10500000000000001,0.1377,0.3327,0.2771,0.1391,0.13379999999999997,26
85,IND,AJ Price,22011,0021100421,2012-02-14,IND vs. MIA,9.166666666666666,0.35480000000000006,0.2573,0.1216,0.1627,0.3809,0.3235,0.1564,0.17229999999999998,27
86,IND,AJ Price,22011,0021100434,2012-02-15,IND @ CLE,11.066666666666666,0.4066000000000001,0.31799999999999995,0.1389,0.1794,0.4332,0.4053,0.1842,0.20309999999999997,28
87,IND,AJ Price,22011,0021100442,2012-02-16,IND vs. NJN,12.791666666666666,0.3844,0.35039999999999993,0.1202,0.2044,0.4332000000000001,0.3432,0.2032,0.22809999999999997,29
88,IND,AJ Price,22011,0021100464,2012-02-19,IND vs. CHA,14.975,0.42490000000000006,0.38549999999999995,0.1256,0.2408,0.4785000000000001,0.36819999999999997,0.2303,0.26559999999999995,30
89,IND,AJ Price,22011,0021100482,2012-02-21,IND vs. NOH,15.673333333333332,0.4421000000000001,0.4,0.1353,0.2526,0.4891,0.3475,0.225,0.2622,31
90,IND,AJ Price,22011,0021100488,2012-02-22,IND @ CHA,15.546666666666667,0.45360000000000006,0.43970000000000004,0.13210000000000002,0.23120000000000002,0.4986,0.3544,0.22920000000000001,0.2649,32
91,IND,AJ Price,22011,0021100504,2012-02-28,IND vs. GSW,16.958333333333332,0.45099999999999996,0.44250000000000006,0.134,0.27690000000000003,0.5009,0.3781,0.207,0.2667,33
92,IND,AJ Price,22011,0021100543,2012-03-03,IND @ NOH,16.93333333333333,0.44349999999999995,0.47750000000000004,0.1471,0.28780000000000006,0.48279999999999995,0.42060000000000003,0.18340000000000004,0.24979999999999997,34
93,IND,AJ Price,22011,0021100557,2012-03-05,IND @ CHI,17.876666666666665,0.4391999999999999,0.47940000000000005,0.1482,0.2891,0.4856,0.42060000000000003,0.16370000000000004,0.2705,35
94,IND,AJ Price,22011,0021100564,2012-03-06,IND vs. ATL,18.688333333333333,0.43550000000000005,0.4867,0.13979999999999998,0.2597,0.4936999999999999,0.42349999999999993,0.18120000000000003,0.3009,36
95,IND,AJ Price,22011,0021100595,2012-03-10,IND @ MIA,17.558333333333334,0.4479,0.5205000000000001,0.149,0.268,0.5122,0.4104,0.19040000000000004,0.3124,37
96,IND,AJ Price,22011,0021100606,2012-03-11,IND @ ORL,17.106666666666666,0.4347,0.5053,0.14020000000000002,0.2846,0.5132000000000001,0.4086,0.19270000000000004,0.3316,38
97,IND,AJ Price,22011,0021100620,2012-03-13,IND vs. POR,17.101666666666667,0.4438000000000001,0.5073000000000001,0.14789999999999998,0.2882,0.5132000000000001,0.3993000000000001,0.1886,0.3379,39
98,IND,AJ Price,22011,0021100626,2012-03-14,IND vs. PHI,17.26666666666667,0.46510000000000007,0.4880000000000001,0.15819999999999998,0.2718,0.5131,0.4324,0.1797,0.3162,40
99,IND,AJ Price,22011,0021100645,2012-03-16,IND @ NYK,17.775,0.477,0.4687000000000001,0.1447,0.265,0.5001,0.40549999999999997,0.1767,0.3228,41
100,IND,AJ Price,22011,0021100656,2012-03-17,IND vs. NYK,17.966666666666665,0.48039999999999994,0.4695999999999999,0.1555,0.3035,0.5106,0.40890000000000004,0.1699,0.3019,42
101,IND,AJ Price,22011,0021100676,2012-03-20,IND vs. LAC,16.52833333333333,0.4718,0.48549999999999993,0.1608,0.27349999999999997,0.5104,0.43520000000000003,0.1532,0.28969999999999996,43
102,IND,AJ Price,22011,0021100693,2012-03-22,IND @ WAS,15.35333333333333,0.4418,0.40549999999999997,0.13609999999999997,0.25349999999999995,0.4629,0.3802,0.14479999999999998,0.2666,44
103,IND,AJ Price,22011,0021100702,2012-03-23,IND vs. PHX,13.256666666666666,0.3902,0.3507,0.12129999999999999,0.22999999999999998,0.41719999999999996,0.33730000000000004,0.13679999999999998,0.23159999999999997,45
104,IND,AJ Price,22011,0021100717,2012-03-24,IND @ MIL,11.55,0.3625999999999999,0.5059,0.1127,0.215,0.37340000000000007,0.2915,0.1133,0.18869999999999998,46
105,IND,AJ Price,22011,0021100730,2012-03-26,IND vs. MIA,11.573333333333334,0.36499999999999994,0.4646,0.10389999999999999,0.2017,0.3817,0.2782,0.1101,0.172,47
106,IND,AJ Price,22011,0021100748,2012-03-28,IND @ NJN,10.125,0.3264,0.4191,0.09539999999999998,0.1684,0.3284,0.1982,0.07999999999999999,0.122,48
107,IND,AJ Price,22011,0021100753,2012-03-29,IND vs. WAS,8.39,0.32239999999999996,0.4276,0.07780000000000001,0.1898,0.2984,0.2096,0.0651,0.1157,49
108,IND,AJ Price,22011,0021100774,2012-03-31,IND @ SAS,6.041666666666666,0.2606,0.41180000000000005,0.0621,0.1698,0.2532,0.15150000000000002,0.0469,0.0999,50
109,IND,AJ Price,22011,0021100781,2012-04-01,IND @ HOU,3.3666666666666663,0.19870000000000002,0.3856,0.0534,0.1385,0.2056,0.142,0.036,0.08560000000000001,51
110,IND,AJ Price,22011,0021100793,2012-04-03,IND vs. NYK,1.8183333333333334,0.1453,0.3373,0.0346,0.1,0.1356,0.11000000000000001,0.0233,0.0765,52
111,IND,AJ Price,22011,0021100800,2012-04-04,IND @ WAS,0.915,0.1096,0.2873,0.017,0.06999999999999999,0.095,0.06000000000000001,0.0233,0.0583,53
112,IND,AJ Price,22011,0021100815,2012-04-06,IND vs. OKC,1.35,0.12390000000000001,0.3016,0.030400000000000003,0.0867,0.15209999999999999,0.08860000000000001,0.036,0.0833,54
113,IND,AJ Price,22011,0021100827,2012-04-07,IND vs. BOS,1.35,0.12390000000000001,0.3016,0.030400000000000003,0.0867,0.15209999999999999,0.08860000000000001,0.036,0.0833,55
114,IND,AJ Price,22011,0021100844,2012-04-09,IND vs. TOR,1.3366666666666664,0.12390000000000001,0.1016,0.030400000000000003,0.0867,0.15209999999999999,0.08860000000000001,0.036,0.0833,56
115,IND,AJ Price,22011,0021100859,2012-04-11,IND @ CLE,1.9933333333333334,0.10969999999999999,0.0972,0.0323,0.0821,0.12469999999999999,0.10669999999999999,0.0323,0.075,57
116,IND,AJ Price,22011,0021100877,2012-04-13,IND vs. CLE,3.1816666666666666,0.1566,0.1597,0.0638,0.11960000000000001,0.18519999999999998,0.133,0.0571,0.1083,58
117,IND,AJ Price,22011,0021100891,2012-04-14,IND @ MIL,5.028333333333333,0.1537,0.1568,0.0784,0.0957,0.20549999999999996,0.1347,0.07859999999999999,0.10939999999999998,59
118,IND,AJ Price,22011,0021100905,2012-04-16,IND vs. MIN,6.67,0.18849999999999997,0.172,0.08480000000000001,0.1243,0.26259999999999994,0.174,0.0851,0.13799999999999998,60
119,IND,AJ Price,22011,0021100913,2012-04-17,IND @ PHI,7.360000000000001,0.2521,0.19019999999999998,0.1016,0.16429999999999997,0.31259999999999993,0.194,0.0935,0.13799999999999998,61
120,IND,AJ Price,22011,0021100932,2012-04-19,IND vs. MIL,8.461666666666668,0.29710000000000003,0.2202,0.1113,0.20069999999999996,0.3554999999999999,0.25830000000000003,0.11739999999999999,0.16299999999999998,62
121,IND,AJ Price,22011,0021100944,2012-04-21,IND vs. PHI,9.46,0.31710000000000005,0.24020000000000002,0.11639999999999999,0.22069999999999998,0.3929999999999999,0.33330000000000004,0.13299999999999998,0.2186,63
122,IND,AJ Price,22011,0021100961,2012-04-23,IND vs. DET,9.025000000000002,0.30280000000000007,0.2259,0.10300000000000001,0.20400000000000001,0.3359,0.30469999999999997,0.12029999999999999,0.1936,64
123,IND,AJ Price,22011,0021100973,2012-04-25,IND vs. CHI,10.735000000000003,0.34540000000000004,0.2524,0.11440000000000002,0.2408,0.38409999999999994,0.31899999999999995,0.1386,0.2112,65
124,WAS,AJ Price,22012,0021200001,2012-10-30,WAS @ CLE,,,,,,,,,,0
125,WAS,AJ Price,22012,0021200027,2012-11-03,WAS vs. BOS,29.4,0.377,0.175,0.139,0.353,0.5,0.151,0.206,0.56,1
126,WAS,AJ Price,22012,0021200054,2012-11-07,WAS @ BOS,29.416666666666664,0.40049999999999997,0.207,0.15150000000000002,0.28049999999999997,0.4865,0.139,0.146,0.366,2
127,WAS,AJ Price,22012,0021200068,2012-11-09,WAS vs. MIL,31.838888888888885,0.43366666666666664,0.16833333333333333,0.16366666666666668,0.2703333333333333,0.47533333333333333,0.2373333333333333,0.16466666666666666,0.28833333333333333,3
128,WAS,AJ Price,22012,0021200082,2012-11-10,WAS @ IND,32.925,0.44799999999999995,0.21825,0.17325000000000002,0.26525,0.492,0.22875,0.176,0.25475,4
129,WAS,AJ Price,22012,0021200103,2012-11-13,WAS @ CHA,33.64,0.4584,0.198,0.15940000000000001,0.23159999999999997,0.47859999999999997,0.22480000000000003,0.1668,0.2642,5
130,WAS,AJ Price,22012,0021200115,2012-11-14,WAS @ DAL,33.516666666666666,0.4366666666666666,0.2253333333333333,0.15583333333333335,0.24116666666666664,0.46749999999999997,0.23416666666666672,0.1635,0.27899999999999997,6
131,WAS,AJ Price,22012,0021200133,2012-11-17,WAS vs. UTA,31.357142857142858,0.43585714285714283,0.19314285714285712,0.16571428571428573,0.2487142857142857,0.4872857142857142,0.24400000000000002,0.15542857142857144,0.27999999999999997,7
132,WAS,AJ Price,22012,0021200147,2012-11-19,WAS vs. IND,31.327083333333334,0.43537499999999996,0.18175,0.16387500000000002,0.260625,0.46612499999999996,0.26125000000000004,0.16437500000000002,0.309125,8
133,WAS,AJ Price,22012,0021200162,2012-11-21,WAS @ ATL,30.475925925925928,0.4193333333333333,0.21322222222222223,0.16155555555555556,0.27133333333333337,0.47711111111111104,0.31822222222222224,0.1717777777777778,0.31755555555555554,9
134,WAS,AJ Price,22012,0021200184,2012-11-24,WAS vs. CHA,30.568333333333335,0.4255,0.22890000000000002,0.16510000000000002,0.29250000000000004,0.47379999999999994,0.31050000000000005,0.17050000000000004,0.30989999999999995,10
135,WAS,AJ Price,22012,0021200197,2012-11-26,WAS vs. SAS,29.67333333333333,0.4284,0.2614,0.164,0.285,0.4577000000000001,0.3418,0.17200000000000001,0.2664,11
136,WAS,AJ Price,22012,0021200209,2012-11-28,WAS vs. POR,30.04666666666667,0.4312,0.2536,0.16019999999999998,0.2986,0.4777,0.3473,0.18080000000000002,0.2825000000000001,12
137,WAS,AJ Price,22012,0021200226,2012-11-30,WAS @ NYK,29.47666666666667,0.4271,0.269,0.16030000000000003,0.3005,0.476,0.3239,0.1715,0.30250000000000005,13
138,WAS,AJ Price,22012,0021200252,2012-12-04,WAS vs. MIA,28.34166666666666,0.4237,0.24710000000000001,0.15119999999999997,0.31399999999999995,0.48129999999999995,0.3346,0.1587,0.30590000000000006,14
139,WAS,AJ Price,22012,0021200273,2012-12-07,WAS @ ATL,26.996666666666663,0.42610000000000003,0.2695,0.1499,0.3361,0.49000000000000005,0.3381,0.15889999999999999,0.3057,15
140,WAS,AJ Price,22012,0021200283,2012-12-08,WAS vs. GSW,26.630000000000003,0.4356,0.25250000000000006,0.14830000000000002,0.32789999999999997,0.5024,0.3279,0.15620000000000003,0.3025,16
141,WAS,AJ Price,22012,0021200307,2012-12-11,WAS @ NOH,25.220000000000006,0.4425,0.25250000000000006,0.1369,0.2985,0.5168,0.3309000000000001,0.17930000000000001,0.32389999999999997,17
142,WAS,AJ Price,22012,0021200317,2012-12-12,WAS @ HOU,22.108333333333338,0.3993,0.24230000000000004,0.12179999999999998,0.26409999999999995,0.485,0.2927,0.1566,0.2726,18
143,WAS,AJ Price,22012,0021200326,2012-12-14,WAS vs. LAL,19.741666666666667,0.3702,0.19579999999999997,0.1075,0.2284,0.4285,0.2153,0.1335,0.23410000000000003,19
144,WAS,AJ Price,22012,0021200339,2012-12-15,WAS @ MIA,16.601666666666667,0.3221,0.1588,0.0878,0.1801,0.3841,0.1912,0.1176,0.21000000000000002,20
145,WAS,AJ Price,22012,0021200356,2012-12-18,WAS vs. ATL,14.556666666666667,0.2815,0.10880000000000001,0.075,0.15230000000000002,0.3502,0.14479999999999998,0.0955,0.1975,21
146,WAS,AJ Price,22012,0021200368,2012-12-19,WAS @ ORL,11.239999999999998,0.2363,0.0927,0.0624,0.1179,0.2829,0.1266,0.0781,0.16419999999999998,22
147,WAS,AJ Price,22012,0021200384,2012-12-21,WAS @ DET,8.141666666666667,0.1904,0.0682,0.0435,0.091,0.23929999999999998,0.1066,0.06720000000000001,0.1309,23
148,WAS,AJ Price,22012,0021200390,2012-12-22,WAS vs. DET,5.658333333333333,0.1447,0.0533,0.0324,0.052500000000000005,0.17980000000000002,0.0756,0.05900000000000001,0.1121,24
149,WAS,AJ Price,22012,0021200410,2012-12-26,WAS vs. CLE,3.353333333333333,0.09230000000000001,0.019200000000000002,0.023299999999999998,0.0207,0.1286,0.0512,0.0458,0.08209999999999999,25
150,WAS,AJ Price,22012,0021200425,2012-12-28,WAS vs. ORL,0.43,0.05,0.0,0.0111,0.0,0.075,0.0333,0.033800000000000004,0.05,26
151,WAS,AJ Price,22012,0021200441,2012-12-29,WAS @ CHI,0.0,0.0,0.0,0.0,0.0,0.0,0.0,0.0,0.0,27
152,WAS,AJ Price,22012,0021200458,2013-01-01,WAS vs. DAL,0.0,0.0,0.0,0.0,0.0,0.0,0.0,0.0,0.0,28
153,WAS,AJ Price,22012,0021200467,2013-01-02,WAS @ IND,0.0,0.0,0.0,0.0,0.0,0.0,0.0,0.0,0.0,29
154,WAS,AJ Price,22012,0021200479,2013-01-04,WAS vs. BKN,0.0,0.0,0.0,0.0,0.0,0.0,0.0,0.0,0.0,30
155,WAS,AJ Price,22012,0021200500,2013-01-06,WAS @ MIA,0.0,0.0,0.0,0.0,0.0,0.0,0.0,0.0,0.0,31
156,WAS,AJ Price,22012,0021200504,2013-01-07,WAS vs. OKC,0.0,0.0,0.0,0.0,0.0,0.0,0.0,0.0,0.0,32
157,WAS,AJ Price,22012,0021200542,2013-01-12,WAS vs. ATL,1.6316666666666666,0.0422,0.0188,0.0092,0.027800000000000002,0.05,0.048,0.0124,0.0167,33
158,WAS,AJ Price,22012,0021200556,2013-01-14,WAS vs. ORL,4.323333333333333,0.09219999999999999,0.061,0.020900000000000002,0.0611,0.1045,0.0639,0.027800000000000002,0.030300000000000004,34
159,WAS,AJ Price,22012,0021200577,2013-01-16,WAS @ SAC,7.1416666666666675,0.1497,0.095,0.0279,0.0931,0.14629999999999999,0.0782,0.0471,0.052500000000000005,35
160,WAS,AJ Price,22012,0021200591,2013-01-18,WAS @ DEN,9.35,0.20229999999999998,0.10029999999999999,0.0507,0.12090000000000001,0.19049999999999997,0.0898,0.06040000000000001,0.0786,36
161,WAS,AJ Price,22012,0021200600,2013-01-19,WAS @ LAC,11.543333333333333,0.25799999999999995,0.12599999999999997,0.0712,0.1409,0.2527,0.1222,0.07370000000000002,0.0986,37
162,WAS,AJ Price,22012,0021200613,2013-01-21,WAS @ POR,13.276666666666667,0.30999999999999994,0.14999999999999997,0.0965,0.16440000000000002,0.30629999999999996,0.1758,0.07950000000000002,0.1129,38
163,WAS,AJ Price,22012,0021200625,2013-01-23,WAS @ UTA,15.440000000000001,0.36239999999999994,0.1598,0.1105,0.196,0.34819999999999995,0.1947,0.09610000000000002,0.1346,39
164,WAS,AJ Price,22012,0021200632,2013-01-25,WAS vs. MIN,17.573333333333334,0.40599999999999997,0.1777,0.1291,0.22640000000000002,0.3867,0.2101,0.10590000000000002,0.15460000000000002,40
165,WAS,AJ Price,22012,0021200644,2013-01-26,WAS vs. CHI,19.968333333333334,0.4664999999999999,0.187,0.1432,0.23890000000000003,0.4367,0.2419,0.12320000000000002,0.2068,41
166,WAS,AJ Price,22012,0021200661,2013-01-28,WAS vs. SAC,22.098333333333336,0.5088999999999999,0.2052,0.1572,0.2652,0.4851,0.2677,0.14240000000000003,0.23620000000000002,42
167,WAS,AJ Price,22012,0021200670,2013-01-30,WAS @ PHI,22.28166666666667,0.515,0.2209,0.1654,0.2731,0.4806,0.24700000000000003,0.1383,0.24169999999999997,43
168,WAS,AJ Price,22012,0021200691,2013-02-01,WAS @ MEM,21.185,0.5066999999999999,0.20789999999999997,0.173,0.2552,0.4761,0.23740000000000006,0.1386,0.2656,44
169,WAS,AJ Price,22012,0021200702,2013-02-02,WAS @ SAS,20.818333333333335,0.4944,0.17629999999999998,0.1832,0.2454,0.4816,0.23660000000000006,0.1436,0.2819,45
170,WAS,AJ Price,22012,0021200709,2013-02-04,WAS vs. LAC,20.761666666666663,0.4854,0.1941,0.176,0.2393,0.49169999999999997,0.2307,0.147,0.2629,46
171,WAS,AJ Price,22012,0021200722,2013-02-06,WAS vs. NYK,20.15333333333333,0.4643,0.1838,0.1744,0.23179999999999995,0.4657,0.2052,0.1494,0.2596,47
172,WAS,AJ Price,22012,0021200735,2013-02-08,WAS vs. BKN,19.33166666666667,0.46229999999999993,0.1731,0.1617,0.2333,0.4779,0.1674,0.15340000000000004,0.2853,48
173,WAS,AJ Price,22012,0021200767,2013-02-11,WAS @ MIL,18.551666666666666,0.46820000000000006,0.1744,0.1823,0.2017,0.4720000000000001,0.18449999999999997,0.14400000000000002,0.28359999999999996,49
174,WAS,AJ Price,22012,0021200781,2013-02-13,WAS @ DET,17.946666666666665,0.48550000000000004,0.19129999999999997,0.1782,0.20129999999999998,0.46790000000000004,0.1785,0.1441,0.29690000000000005,50
175,WAS,AJ Price,22012,0021200789,2013-02-19,WAS vs. TOR,16.738333333333337,0.465,0.22199999999999998,0.195,0.21100000000000002,0.4492,0.17590000000000003,0.1355,0.2876,51
176,WAS,AJ Price,22012,0021200812,2013-02-22,WAS vs. DEN,16.29,0.4689,0.2445,0.18769999999999998,0.21139999999999998,0.44889999999999997,0.1578,0.1342,0.2868,52
177,WAS,AJ Price,22012,0021200823,2013-02-23,WAS vs. HOU,16.03333333333333,0.47619999999999996,0.2581,0.1886,0.2186,0.4614,0.1785,0.1387,0.2946,53
178,WAS,AJ Price,22012,0021200839,2013-02-25,WAS @ TOR,15.783333333333331,0.4901000000000001,0.2622,0.187,0.2254,0.4814,0.1802,0.1356,0.3196,54
179,WAS,AJ Price,22012,0021200854,2013-02-27,WAS vs. DET,15.705000000000002,0.48789999999999994,0.2761,0.19019999999999998,0.23650000000000002,0.47620000000000007,0.1956,0.12469999999999999,0.2985,55
180,WAS,AJ Price,22012,0021200865,2013-03-01,WAS vs. NYK,15.95,0.4976999999999999,0.25749999999999995,0.186,0.24210000000000004,0.4734,0.2105,0.12890000000000001,0.3064,56
181,WAS,AJ Price,22012,0021200882,2013-03-03,WAS vs. PHI,14.365,0.4631,0.24209999999999998,0.1671,0.22960000000000003,0.4372,0.2036,0.1132,0.2897,57
182,WAS,AJ Price,22012,0021200907,2013-03-06,WAS @ MIN,15.166666666666666,0.454,0.244,0.1711,0.2522,0.4130999999999999,0.1878,0.11950000000000001,0.2747,58
183,WAS,AJ Price,22012,0021200918,2013-03-08,WAS @ BKN,15.781666666666666,0.4497,0.26890000000000003,0.1655,0.2704,0.4325,0.2125,0.1271,0.2624,59
184,WAS,AJ Price,22012,0021200929,2013-03-09,WAS vs. CHA,16.378333333333337,0.43170000000000003,0.2627,0.1659,0.2667,0.4325,0.2718999999999999,0.1374,0.26909999999999995,60
185,WAS,AJ Price,22012,0021200950,2013-03-12,WAS @ CLE,17.145000000000003,0.4471,0.2798,0.14640000000000003,0.26949999999999996,0.4391,0.29439999999999994,0.14679999999999999,0.2512,61
186,WAS,AJ Price,22012,0021200957,2013-03-13,WAS vs. MIL,17.773333333333333,0.43629999999999997,0.2707,0.15660000000000002,0.25880000000000003,0.43839999999999996,0.31299999999999994,0.1443,0.24369999999999997,62
187,WAS,AJ Price,22012,0021200970,2013-03-15,WAS vs. NOH,16.215,0.3807,0.2226,0.13830000000000003,0.21590000000000004,0.3804,0.265,0.1315,0.21369999999999995,63
188,WAS,AJ Price,22012,0021200979,2013-03-16,WAS vs. PHX,14.870000000000001,0.3251,0.1893,0.12060000000000001,0.1937,0.3104,0.257,0.1189,0.1512,64
189,WAS,AJ Price,22012,0021201074,2013-03-29,WAS @ ORL,12.496666666666666,0.2821,0.173,0.1002,0.1604,0.2683,0.22809999999999997,0.1055,0.1338,65
190,WAS,AJ Price,22012,0021201095,2013-03-31,WAS vs. TOR,11.851666666666667,0.2528,0.20550000000000002,0.11040000000000001,0.16469999999999999,0.24410000000000004,0.23779999999999996,0.09059999999999999,0.1438,66
191,WAS,AJ Price,22012,0021201108,2013-04-02,WAS vs. CHI,13.168333333333333,0.2948,0.20950000000000002,0.1268,0.19799999999999998,0.29410000000000003,0.27949999999999997,0.09849999999999999,0.18230000000000002,67
192,WAS,AJ Price,22012,0021201111,2013-04-03,WAS @ TOR,13.403333333333336,0.29890000000000005,0.2343,0.12719999999999998,0.1837,0.2913,0.30449999999999994,0.09319999999999998,0.18770000000000003,68
193,WAS,AJ Price,22012,0021201138,2013-04-06,WAS vs. IND,13.335000000000003,0.28800000000000003,0.2569,0.11190000000000003,0.19180000000000003,0.2719,0.27579999999999993,0.10229999999999999,0.2,69
194,WAS,AJ Price,22012,0021201147,2013-04-07,WAS @ BOS,13.39166666666667,0.302,0.2869,0.1126,0.18899999999999997,0.2875,0.2173,0.0965,0.18780000000000002,70
195,WAS,AJ Price,22012,0021201156,2013-04-09,WAS @ NYK,13.876666666666665,0.2978,0.24409999999999993,0.1234,0.19559999999999997,0.3168,0.2031,0.1048,0.1728,71
196,WAS,AJ Price,22012,0021201165,2013-04-10,WAS vs. MIA,14.158333333333331,0.30989999999999995,0.25639999999999996,0.11850000000000001,0.1996,0.3399,0.1973,0.1045,0.1705,72
197,WAS,AJ Price,22012,0021201177,2013-04-12,WAS vs. PHI,17.311666666666664,0.3665999999999999,0.27369999999999994,0.1379,0.221,0.3879,0.24330000000000002,0.1232,0.20129999999999998,73
198,WAS,AJ Price,22012,0021201205,2013-04-15,WAS @ BKN,19.541666666666664,0.4015999999999999,0.30119999999999997,0.151,0.2427,0.4367,0.24820000000000003,0.1328,0.21949999999999997,74
199,WAS,AJ Price,22012,0021201222,2013-04-17,WAS @ CHI,21.446666666666665,0.45719999999999994,0.32709999999999995,0.1732,0.2581,0.4867,0.28150000000000003,0.15,0.2673,75
200,MIN,AJ Price,22013,0021300045,2013-11-03,MIN @ NYK,,,,,,,,,,0
201,MIN,AJ Price,22013,0021300047,2013-11-04,MIN @ CLE,0.0,0.0,0.0,0.0,0.0,0.0,0.0,0.0,0.0,1
202,MIN,AJ Price,22013,0021300067,2013-11-06,MIN vs. GSW,0.0,0.0,0.0,0.0,0.0,0.0,0.0,0.0,0.0,2
203,MIN,AJ Price,22013,0021300080,2013-11-08,MIN vs. DAL,0.48333333333333334,0.3333333333333333,0.6666666666666666,0.11566666666666665,0.0,0.0,0.0,0.0,0.0,3
204,MIN,AJ Price,22013,0021300097,2013-11-10,MIN @ LAL,0.3625,0.25,0.5,0.08675,0.0,0.0,0.0,0.0,0.0,4
205,MIN,AJ Price,22013,0021300106,2013-11-11,MIN @ LAC,0.93,0.2666,0.4666,0.17099999999999999,0.15,0.057199999999999994,0.0,0.028599999999999997,0.0666,5
206,MIN,AJ Price,22013,0021300115,2013-11-13,MIN vs. CLE,0.775,0.22216666666666665,0.38883333333333336,0.1425,0.125,0.04766666666666666,0.0,0.02383333333333333,0.0555,6
207,MIN,AJ Price,22013,0021300131,2013-11-15,MIN @ DEN,2.4071428571428575,0.2312857142857143,0.36042857142857143,0.13414285714285715,0.1167142857142857,0.08757142857142856,0.011,0.020428571428571428,0.07271428571428572,7
208,MIN,AJ Price,22013,0021300142,2013-11-16,MIN vs. BOS,2.10625,0.202375,0.315375,0.117375,0.102125,0.076625,0.009625,0.017875,0.063625,8
209,MIN,AJ Price,22013,0021300156,2013-11-19,MIN @ WAS,2.2,0.2262222222222222,0.2803333333333333,0.10433333333333333,0.09077777777777778,0.13755555555555554,0.008555555555555556,0.06355555555555555,0.05655555555555555,9
210,MIN,AJ Price,22013,0021300168,2013-11-20,MIN vs. LAC,1.98,0.2036,0.2523,0.0939,0.0817,0.1238,0.0077,0.057199999999999994,0.0509,10
211,MIN,AJ Price,22013,0021300182,2013-11-22,MIN vs. BKN,1.98,0.2036,0.2523,0.0939,0.0817,0.1238,0.0077,0.057199999999999994,0.0509,11
212,MIN,AJ Price,22013,0021300192,2013-11-23,MIN @ HOU,2.79,0.238,0.26480000000000004,0.10729999999999999,0.11499999999999999,0.1693,0.0804,0.071,0.07949999999999999,12
213,MIN,AJ Price,22013,0021300203,2013-11-25,MIN @ IND,2.905,0.238,0.1648,0.11359999999999999,0.11499999999999999,0.1836,0.0804,0.0877,0.11949999999999998,13
214,MIN,AJ Price,22013,0021300223,2013-11-27,MIN vs. DEN,2.905,0.238,0.1648,0.11359999999999999,0.11499999999999999,0.1836,0.0804,0.0877,0.11949999999999998,14
215,MIN,AJ Price,22013,0021300244,2013-11-30,MIN @ DAL,2.585,0.20469999999999997,0.1315,0.0628,0.04,0.155,0.0804,0.07339999999999999,0.0862,15
216,MIN,AJ Price,22013,0021300253,2013-12-01,MIN @ OKC,2.585,0.20469999999999997,0.1315,0.0628,0.04,0.155,0.0804,0.07339999999999999,0.0862,16
217,MIN,AJ Price,22013,0021300294,2013-12-07,MIN vs. MIA,1.5,0.2136,0.1625,0.054400000000000004,0.1,0.2223,0.0727,0.07339999999999999,0.0686,17
218,MIN,AJ Price,22013,0021300315,2013-12-10,MIN @ DET,2.43,0.2503,0.2292,0.054400000000000004,0.13,0.2848,0.0852,0.0793,0.0829,18
219,MIN,AJ Price,22013,0021300322,2013-12-11,MIN vs. PHI,2.3950000000000005,0.2586,0.2692,0.0714,0.18,0.2598,0.1352,0.0774,0.1329,19
220,MIN,AJ Price,22013,0021300338,2013-12-13,MIN @ SAS,2.3950000000000005,0.2586,0.2692,0.0714,0.18,0.2598,0.1352,0.0774,0.1329,20
221,MIN,AJ Price,22013,0021300351,2013-12-15,MIN @ MEM,2.3950000000000005,0.2586,0.2692,0.0714,0.18,0.2598,0.1352,0.0774,0.1329,21
222,MIN,AJ Price,22013,0021300358,2013-12-16,MIN @ BOS,1.585,0.2242,0.2567,0.057999999999999996,0.1467,0.2143,0.0625,0.0636,0.10430000000000002,22
223,MIN,AJ Price,22013,0021300376,2013-12-18,MIN vs. POR,1.325,0.1242,0.1567,0.017,0.1467,0.2,0.0625,0.0469,0.0643,23
224,MIN,AJ Price,22013,0021300391,2013-12-20,MIN @ LAL,1.325,0.1242,0.1567,0.017,0.1467,0.2,0.0625,0.0469,0.0643,24
225,MIN,AJ Price,22013,0021300406,2013-12-22,MIN @ LAC,1.3433333333333333,0.1242,0.1567,0.017,0.1467,0.2,0.0625,0.0469,0.0643,25
226,MIN,AJ Price,22013,0021300431,2013-12-27,MIN vs. WAS,1.3433333333333333,0.1242,0.1567,0.017,0.1467,0.2,0.0625,0.0469,0.0643,26
227,MIN,AJ Price,22013,0021300444,2013-12-28,MIN @ MIL,1.4166666666666667,0.2117,0.10670000000000002,0.0503,0.08,0.15,0.0625,0.0469,0.0643,27
228,MIN,AJ Price,22013,0021300455,2013-12-30,MIN vs. DAL,0.6483333333333334,0.24169999999999997,0.04,0.0503,0.05,0.1075,0.09,0.040999999999999995,0.11000000000000001,28
229,MIN,AJ Price,22013,0021300470,2014-01-01,MIN vs. NOP,0.3883333333333333,0.1917,0.0,0.0333,0.0,0.06999999999999999,0.04,0.0,0.06,29
230,MIN,AJ Price,22013,0021300493,2014-01-04,MIN vs. OKC,0.6183333333333334,0.225,0.0,0.0583,0.0,0.1533,0.10670000000000002,0.0,0.06,30
231,MIN,AJ Price,22013,0021300505,2014-01-06,MIN @ PHI,0.6183333333333334,0.225,0.0,0.0583,0.0,0.1533,0.10670000000000002,0.0,0.06,31
232,MIN,AJ Price,22013,0021300524,2014-01-08,MIN vs. PHX,1.2583333333333333,0.275,0.014299999999999998,0.06609999999999999,0.0429,0.19329999999999997,0.16670000000000001,0.0147,0.0725,32
233,MIN,AJ Price,22013,0021300535,2014-01-10,MIN vs. CHA,1.2583333333333333,0.275,0.014299999999999998,0.06609999999999999,0.0429,0.19329999999999997,0.16670000000000001,0.0147,0.0725,33
234,MIN,AJ Price,22013,0021300554,2014-01-12,MIN @ SAS,1.8200000000000003,0.35,0.0243,0.0923,0.09290000000000001,0.2383,0.19670000000000004,0.0147,0.0725,34
235,MIN,AJ Price,22013,0021300584,2014-01-17,MIN @ TOR,2.1916666666666664,0.3889,0.0243,0.0923,0.09290000000000001,0.3133,0.19670000000000004,0.048,0.0725,35
236,MIN,AJ Price,22013,0021300645,2014-01-24,MIN @ GSW,2.6216666666666666,0.40890000000000004,0.10430000000000002,0.0923,0.09290000000000001,0.3321,0.22170000000000006,0.048,0.11000000000000001,36
237,MIN,AJ Price,22013,0021300653,2014-01-25,MIN @ POR,2.8416666666666663,0.31250000000000006,0.17570000000000002,0.0699,0.1129,0.31070000000000003,0.2503000000000001,0.0607,0.13,37
238,MIN,AJ Price,22013,0021300680,2014-01-29,MIN vs. NOP,2.8,0.3125,0.20900000000000002,0.0699,0.1129,0.3574,0.2103,0.0607,0.16999999999999998,38
239,MIN,AJ Price,22013,0021300691,2014-01-31,MIN vs. MEM,2.8,0.3125,0.20900000000000002,0.0699,0.1129,0.3574,0.2103,0.0607,0.16999999999999998,39
240,MIN,AJ Price,22013,0021300699,2014-02-01,MIN @ ATL,2.57,0.2792,0.20900000000000002,0.0449,0.1129,0.27409999999999995,0.1436,0.0607,0.16999999999999998,40
241,MIN,AJ Price,22013,0021300722,2014-02-04,MIN vs. LAL,3.07,0.3006,0.23760000000000003,0.0449,0.1429,0.31409999999999993,0.2636,0.0814,0.16999999999999998,41
242,MIN,AJ Price,22013,0021300732,2014-02-05,MIN @ OKC,2.4366666666666665,0.2506,0.22329999999999997,0.0371,0.1,0.3741,0.2036,0.06670000000000001,0.1575,42
243,MIN,AJ Price,22013,0021300747,2014-02-07,MIN @ NOP,2.566666666666667,0.3673,0.22329999999999997,0.0371,0.1,0.5241,0.2036,0.1167,0.1575,43
244,MIN,AJ Price,22013,0021300752,2014-02-08,MIN vs. POR,2.005,0.2923,0.2133,0.0109,0.05,0.4791,0.1736,0.1167,0.1575,44
245,MIN,AJ Price,22013,0021300768,2014-02-10,MIN vs. HOU,1.6149999999999998,0.25339999999999996,0.2133,0.0109,0.05,0.4041,0.1736,0.0834,0.1575,45
246,MIN,AJ Price,22013,0021300786,2014-02-12,MIN vs. DEN,1.3583333333333336,0.2534,0.1333,0.0109,0.1,0.4603,0.1486,0.0834,0.12,46
247,MIN,AJ Price,22013,0021300805,2014-02-19,MIN vs. IND,1.6866666666666668,0.27030000000000004,0.11640000000000002,0.018,0.08,0.4894,0.1815,0.08209999999999999,0.1125,47
248,MIN,AJ Price,22013,0021300830,2014-02-22,MIN @ UTA,1.65,0.2036,0.0831,0.0712,0.08,0.45600000000000007,0.1815,0.1071,0.0125,48
249,MIN,AJ Price,22013,0021300840,2014-02-23,MIN @ POR,1.9116666666666666,0.2286,0.09559999999999999,0.0867,0.13,0.49890000000000007,0.1815,0.1071,0.0375,49
250,MIN,AJ Price,22013,0021300851,2014-02-25,MIN @ PHX,2.2733333333333334,0.2599,0.1206,0.1012,0.1729,0.49890000000000007,0.22149999999999997,0.1071,0.0375,50
251,MIN,AJ Price,22013,0021300881,2014-03-01,MIN @ SAC,1.7733333333333334,0.23850000000000002,0.092,0.1012,0.1429,0.45890000000000003,0.1015,0.0864,0.0375,51
252,MIN,AJ Price,22013,0021300895,2014-03-03,MIN @ DEN,1.7666666666666668,0.23850000000000002,0.092,0.1012,0.1429,0.3589,0.1015,0.0864,0.0375,52
253,MIN,AJ Price,22013,0021300911,2014-03-05,MIN vs. NYK,1.6366666666666667,0.12179999999999999,0.092,0.1012,0.1429,0.2089,0.1015,0.0364,0.0375,53
254,MIN,AJ Price,22013,0021300922,2014-03-07,MIN vs. DET,1.7366666666666668,0.14679999999999999,0.092,0.1012,0.24290000000000003,0.3089,0.15150000000000002,0.0364,0.0375,54
255,CLE,AJ Price,22014,0021400253,2014-12-02,CLE vs. MIL,19.3,0.47729999999999995,0.22550000000000003,0.1377,0.3204,0.5049,0.2984,0.14289999999999997,0.2534,10
256,CLE,AJ Price,22014,0021400273,2014-12-04,CLE @ NYK,17.855,0.43310000000000004,0.21780000000000005,0.12279999999999998,0.2918,0.4528,0.25670000000000004,0.13589999999999997,0.2312,11
257,CLE,AJ Price,22014,0021400281,2014-12-05,CLE @ TOR,16.166666666666668,0.375,0.19519999999999998,0.2142,0.2793,0.5027999999999999,0.2222,0.11489999999999997,0.18449999999999997,12
258,CLE,AJ Price,22014,0021400303,2014-12-08,CLE @ BKN,13.691666666666668,0.3174,0.18000000000000002,0.20359999999999995,0.24250000000000002,0.462,0.18269999999999997,0.10389999999999999,0.1645,13
259,CLE,AJ Price,22014,0021400308,2014-12-09,CLE vs. TOR,12.121666666666666,0.36499999999999994,0.1741,0.1793,0.1869,0.45430000000000004,0.1863,0.098,0.17519999999999997,14
260,CLE,AJ Price,22014,0021400326,2014-12-11,CLE @ OKC,9.679999999999998,0.3186,0.13599999999999998,0.16499999999999998,0.15889999999999999,0.4067,0.16429999999999997,0.08520000000000001,0.1562,15
261,CLE,AJ Price,22014,0021400336,2014-12-12,CLE @ NOP,7.433333333333332,0.3545,0.0873,0.1471,0.22889999999999996,0.45920000000000005,0.12679999999999997,0.0639,0.1312,16
262,CLE,AJ Price,22014,0021400355,2014-12-15,CLE vs. CHA,5.741666666666667,0.3114,0.0632,0.1299,0.1845,0.40920000000000006,0.0982,0.056600000000000004,0.0937,17
263,CLE,AJ Price,22014,0021400370,2014-12-17,CLE vs. ATL,3.603333333333333,0.27359999999999995,0.0339,0.12,0.14750000000000002,0.3539,0.07980000000000001,0.046599999999999996,0.06739999999999999,18
264,CLE,AJ Price,22014,0021400386,2014-12-19,CLE vs. BKN,3.3983333333333334,0.27049999999999996,0.0253,0.11599999999999999,0.1444,0.3693,0.0776,0.0318,0.07629999999999999,19
265,CLE,AJ Price,22014,0021400401,2014-12-21,CLE vs. MEM,1.3183333333333334,0.2102,0.0125,0.10669999999999999,0.1333,0.3054,0.055400000000000005,0.017,0.045,20
266,CLE,AJ Price,22014,0021400416,2014-12-23,CLE vs. MIN,1.3183333333333334,0.2102,0.0125,0.10669999999999999,0.1333,0.3054,0.055400000000000005,0.017,0.045,21
267,CLE,AJ Price,22014,0021400433,2014-12-26,CLE @ ORL,1.53,0.2727,0.0125,0.046700000000000005,0.1833,0.25539999999999996,0.055400000000000005,0.037,0.045,22
268,CLE,AJ Price,22014,0021400453,2014-12-28,CLE vs. DET,2.166666666666667,0.3185,0.020800000000000003,0.0616,0.20329999999999998,0.3498,0.0887,0.045799999999999993,0.045,23
269,CLE,AJ Price,22014,0021400466,2014-12-30,CLE @ ATL,3.595,0.2752,0.0408,0.0756,0.21509999999999999,0.35219999999999996,0.0548,0.0403,0.034999999999999996,24
270,CLE,AJ Price,22014,0021400479,2014-12-31,CLE vs. MIL,4.403333333333334,0.3098,0.0716,0.11139999999999999,0.25149999999999995,0.41369999999999996,0.08560000000000001,0.0471,0.0475,25
271,CLE,AJ Price,22014,0021400484,2015-01-02,CLE @ CHA,5.360000000000001,0.25149999999999995,0.0938,0.1344,0.17649999999999996,0.3702,0.10300000000000001,0.059699999999999996,0.0783,26
272,CLE,AJ Price,22014,0021400503,2015-01-04,CLE vs. DAL,5.360000000000001,0.25149999999999995,0.0938,0.1344,0.17649999999999996,0.3702,0.10300000000000001,0.059699999999999996,0.0783,27
273,CLE,AJ Price,22014,0021400509,2015-01-05,CLE @ PHI,6.753333333333335,0.29279999999999995,0.1112,0.15239999999999998,0.19469999999999996,0.42469999999999997,0.1075,0.0786,0.08739999999999999,28
274,IND,AJ Price,22014,0021400074,2014-11-07,IND @ BOS,,,,,,,,,,0
275,IND,AJ Price,22014,0021400083,2014-11-08,IND vs. WAS,14.45,0.442,0.077,0.149,0.286,0.521,0.417,0.07,0.222,1
276,IND,AJ Price,22014,0021400099,2014-11-10,IND vs. UTA,15.975,0.5115,0.1515,0.1175,0.2055,0.5105,0.381,0.14,0.34450000000000003,2
277,IND,AJ Price,22014,0021400112,2014-11-12,IND @ MIA,18.900000000000002,0.5329999999999999,0.15166666666666664,0.11366666666666665,0.25966666666666666,0.4763333333333333,0.38566666666666666,0.13,0.29633333333333334,3
278,IND,AJ Price,22014,0021400122,2014-11-14,IND vs. DEN,18.941666666666666,0.48074999999999996,0.1285,0.146,0.33375,0.4764999999999999,0.38025,0.15475,0.258,4
279,IND,AJ Price,22014,0021400135,2014-11-15,IND @ CHI,20.03666666666667,0.4774,0.179,0.1454,0.323,0.47639999999999993,0.34819999999999995,0.1494,0.2444,5
280,IND,AJ Price,22014,0021400160,2014-11-19,IND vs. CHA,20.694444444444446,0.4768333333333333,0.23033333333333336,0.151,0.31916666666666665,0.4761666666666666,0.35266666666666663,0.16,0.24533333333333332,6
281,IND,AJ Price,22014,0021400184,2014-11-22,IND vs. PHX,20.154761904761905,0.47028571428571425,0.2318571428571429,0.15399999999999997,0.337,0.47957142857142854,0.3431428571428571,0.14757142857142855,0.26385714285714285,7
282,IND,AJ Price,22014,0021400203,2014-11-24,IND @ DAL,20.308333333333334,0.45875,0.23950000000000002,0.14712499999999998,0.341125,0.48874999999999996,0.32325,0.141625,0.26375,8
283,IND,AJ Price,22014,0021400220,2014-11-26,IND @ SAS,19.133333333333333,0.4633333333333333,0.23633333333333337,0.14266666666666664,0.3436666666666667,0.49,0.3068888888888889,0.1423333333333333,0.2467777777777778,9
284,PHX,AJ Price,22014,0021401034,2015-03-21,PHX @ HOU,7.356666666666667,0.29159999999999997,0.12479999999999998,0.15660000000000002,0.1725,0.43069999999999997,0.10639999999999998,0.09830000000000001,0.10069999999999998,29
285,PHX,AJ Price,22014,0021401046,2015-03-22,PHX vs. DAL,8.690000000000001,0.31849999999999995,0.14019999999999996,0.174,0.19469999999999998,0.4936999999999999,0.10639999999999998,0.11680000000000001,0.11179999999999998,30
286,PHX,AJ Price,22014,0021401072,2015-03-25,PHX vs. SAC,9.665000000000001,0.36139999999999994,0.16879999999999998,0.19790000000000002,0.23220000000000002,0.5485,0.12069999999999999,0.11680000000000001,0.15619999999999998,31
287,PHX,AJ Price,22014,0021401086,2015-03-27,PHX vs. POR,9.836666666666668,0.3322,0.23549999999999996,0.15789999999999998,0.18219999999999997,0.5414000000000001,0.12069999999999999,0.13010000000000002,0.18119999999999997,32
288,PHX,AJ Price,22014,0021401100,2015-03-29,PHX vs. OKC,9.559999999999999,0.3364,0.2558,0.14299999999999996,0.19549999999999998,0.5184000000000001,0.0874,0.1213,0.18119999999999997,33
289,PHX,AJ Price,22014,0021401107,2015-03-30,PHX @ POR,7.795,0.29969999999999997,0.2358,0.129,0.1837,0.476,0.08130000000000001,0.10980000000000001,0.1662,34
290,IND,AJ Price,42010,0041000101,2011-04-16,IND @ CHI,,,,,,,,,,0
291,IND,AJ Price,42010,0041000102,2011-04-18,IND @ CHI,14.0,0.5,0.217,0.119,0.214,0.523,0.273,0.162,0.4,1
292,IND,AJ Price,42010,0041000103,2011-04-21,IND vs. CHI,19.241666666666667,0.4275,0.385,0.1745,0.23199999999999998,0.5115000000000001,0.3745,0.1595,0.4,2
293,IND,AJ Price,42010,0041000104,2011-04-23,IND vs. CHI,17.244444444444444,0.42133333333333334,0.34766666666666673,0.15533333333333332,0.2153333333333333,0.48800000000000004,0.4653333333333333,0.158,0.26666666666666666,3
294,IND,AJ Price,42010,0041000105,2011-04-26,IND @ CHI,16.633333333333333,0.4255,0.37525000000000003,0.13749999999999998,0.27099999999999996,0.43750000000000006,0.45625,0.16025,0.29625,4
295,IND,AJ Price,42011,0041100121,2012-04-28,IND vs. ORL,,,,,,,,,,0
296,IND,AJ Price,42011,0041100122,2012-04-30,IND vs. ORL,0.0,0.0,0.0,0.0,0.0,0.0,0.0,0.0,0.0,1
297,IND,AJ Price,42011,0041100123,2012-05-02,IND @ ORL,0.0,0.0,0.0,0.0,0.0,0.0,0.0,0.0,0.0,2
298,IND,AJ Price,42011,0041100124,2012-05-05,IND @ ORL,0.8333333333333334,0.06666666666666667,0.0,0.0,0.0,0.22233333333333336,0.4443333333333333,0.0,0.0,3
299,IND,AJ Price,42011,0041100125,2012-05-08,IND vs. ORL,0.625,0.05,0.0,0.0,0.0,0.16675,0.33325,0.0,0.0,4
300,IND,AJ Price,42011,0041100201,2012-05-13,IND @ MIA,0.5533333333333333,0.04,0.0,0.0,0.0,0.13340000000000002,0.2666,0.0,0.0,5
301,IND,AJ Price,42011,0041100202,2012-05-15,IND @ MIA,0.4611111111111111,0.03333333333333333,0.0,0.0,0.0,0.11116666666666668,0.22216666666666665,0.0,0.0,6
302,IND,AJ Price,42011,0041100203,2012-05-17,IND vs. MIA,0.3952380952380952,0.028571428571428574,0.0,0.0,0.0,0.09528571428571429,0.19042857142857142,0.0,0.0,7
303,IND,AJ Price,42011,0041100204,2012-05-20,IND vs. MIA,0.49583333333333335,0.025,0.0,0.0625,0.0625,0.145875,0.166625,0.0,0.0,8
304,IND,AJ Price,42011,0041100205,2012-05-22,IND @ MIA,0.44074074074074077,0.022222222222222223,0.0,0.05555555555555555,0.05555555555555555,0.12966666666666668,0.1481111111111111,0.0,0.0,9
305,IND,AJ Price,42011,0041100206,2012-05-24,IND vs. MIA,0.6533333333333333,0.0533,0.0222,0.0627,0.11000000000000001,0.21669999999999998,0.1833,0.0,0.0,10
