GAME_ID,GAME_DATE,TEAM_ABBREVIATION,LINE,O/U
21200001,2012-10-30,CLE,-5.5,189.0
21200001,2012-10-30,WAS,5.5,189.0
21200002,2012-10-30,BOS,7.0,186.5
21200002,2012-10-30,MIA,-7.0,186.5
21200003,2012-10-30,DAL,8.5,186.5
21200003,2012-10-30,LAL,-8.5,186.5
21200004,2012-10-31,IND,-2.0,188.0
21200004,2012-10-31,TOR,2.0,188.0
21200005,2012-10-31,DEN,1.0,198.5
21200005,2012-10-31,PHI,-1.0,198.5
21200006,2012-10-31,DET,-1.5,192.5
21200006,2012-10-31,HOU,1.5,192.5
21200007,2012-10-31,CHI,-6.5,189.0
21200007,2012-10-31,SAC,6.5,189.0
21200008,2012-10-31,SAS,-7.0,189.0
21200009,2012-10-31,DAL,8.5,190.0
21200009,2012-10-31,UTA,-8.5,190.0
21200010,2012-10-31,GSW,2.0,200.5
21200010,2012-10-31,PHX,-2.0,200.5
21200011,2012-10-31,LAC,-4.0,188.0
21200011,2012-10-31,MEM,4.0,188.0
21200012,2012-10-31,LAL,-2.5,191.5
21200012,2012-10-31,POR,2.5,191.5
21200013,2012-11-26,BKN,1.0,193.0
21200013,2012-11-26,NYK,-1.0,193.0
21200014,2012-11-01,OKC,2.5,202.0
21200014,2012-11-01,SAS,-2.5,202.0
21200015,2012-11-02,CHA,6.5,183.5
21200015,2012-11-02,IND,-6.5,183.5
21200016,2012-11-02,DEN,-6.0,197.0
21200016,2012-11-02,ORL,6.0,197.0
21200017,2012-11-02,BOS,-7.0,196.0
21200017,2012-11-02,MIL,7.0,196.0
21200018,2012-11-02,ATL,-5.5,203.0
21200018,2012-11-02,HOU,5.5,203.0
21200019,2012-11-02,CHI,-3.0,184.0
21200019,2012-11-02,CLE,3.0,184.0
21200020,2012-11-02,MIA,-6.0,198.0
21200020,2012-11-02,NYK,6.0,198.0
21200021,2012-11-02,UTA,-3.5,189.5
21200022,2012-11-02,OKC,-8.5,203.5
21200022,2012-11-02,POR,8.5,203.5
21200023,2012-11-02,MIN,-3.0,195.0
21200023,2012-11-02,SAC,3.0,195.0
21200024,2012-11-02,DET,4.5,193.5
21200024,2012-11-02,PHX,-4.5,193.5
21200025,2012-11-02,LAC,-1.5,191.0
21200025,2012-11-02,LAL,1.5,191.0
21200026,2012-11-02,GSW,1.0,192.5
21200026,2012-11-02,MEM,-1.0,192.5
21200027,2012-11-03,BOS,-5.5,191.0
21200027,2012-11-03,WAS,5.5,191.0
21200028,2012-11-03,IND,-8.0,190.5
21200028,2012-11-03,SAC,8.0,190.5
21200029,2012-11-03,BKN,-5.5,194.0
21200029,2012-11-03,TOR,5.5,194.0
21200030,2012-11-03,DEN,8.5,201.0
21200030,2012-11-03,MIA,-8.5,201.0
21200031,2012-11-03,CHI,-9.5,184.5
21200032,2012-11-03,HOU,-5.5,204.0
21200032,2012-11-03,POR,5.5,204.0
21200033,2012-11-03,CLE,7.0,196.5
21200033,2012-11-03,MIL,-7.0,196.5
21200034,2012-11-03,CHA,10.0,187.0
21200034,2012-11-03,DAL,-10.0,187.0
21200035,2012-11-03,SAS,-7.5,200.0
21200035,2012-11-03,UTA,7.5,200.0
21200036,2012-11-03,GSW,8.5,196.0
21200036,2012-11-03,LAC,-8.5,196.0
21200037,2012-11-04,NYK,-4.0,187.5
21200037,2012-11-04,PHI,4.0,187.5
21200038,2012-11-04,MIN,3.0,189.0
21200038,2012-11-04,TOR,-3.0,189.0
21200039,2012-11-04,ORL,-1.5,193.0
21200039,2012-11-04,PHX,1.5,193.0
21200040,2012-11-04,ATL,9.5,198.5
21200040,2012-11-04,OKC,-9.5,198.5
21200041,2012-11-04,DET,8.0,190.0
21200041,2012-11-04,LAL,-8.0,190.0
21200042,2012-11-05,NYK,3.0,184.5
21200042,2012-11-05,PHI,-3.0,184.5
21200043,2012-11-05,BKN,-7.5,195.0
21200043,2012-11-05,MIN,7.5,195.0
21200044,2012-11-05,MIA,-13.5,200.0
21200044,2012-11-05,PHX,13.5,200.0
21200045,2012-11-05,MEM,-5.5,195.5
21200045,2012-11-05,UTA,5.5,195.5
21200046,2012-11-05,DAL,-4.5,199.0
21200046,2012-11-05,POR,4.5,199.0
21200047,2012-11-05,IND,8.5,195.5
21200047,2012-11-05,SAS,-8.5,195.5
21200048,2012-11-05,GSW,2.0,200.0
21200048,2012-11-05,SAC,-2.0,200.0
21200049,2012-11-05,CLE,10.5,197.0
21200049,2012-11-05,LAC,-10.5,197.0
21200050,2012-11-06,CHI,-9.0,186.5
21200050,2012-11-06,ORL,9.0,186.5
21200051,2012-11-06,OKC,-9.0,197.5
21200051,2012-11-06,TOR,9.0,197.5
21200052,2012-11-06,DEN,-10.5,199.0
21200052,2012-11-06,DET,10.5,199.0
21200053,2012-11-07,CHA,3.0,194.0
21200053,2012-11-07,PHX,-3.0,194.0
21200054,2012-11-07,BOS,-10.0,187.0
21200054,2012-11-07,WAS,10.0,187.0
21200055,2012-11-07,ATL,-3.5,190.5
21200055,2012-11-07,IND,3.5,190.5
21200056,2012-11-07,BKN,10.5,207.5
21200056,2012-11-07,MIA,-10.5,207.5
21200057,2012-11-07,MEM,-1.0,198.0
21200057,2012-11-07,MIL,1.0,198.0
21200058,2012-11-07,PHI,-1.0,179.5
21200059,2012-11-07,DEN,2.5,205.0
21200059,2012-11-07,HOU,-2.5,205.0
21200060,2012-11-07,MIN,-6.0,194.0
21200060,2012-11-07,ORL,6.0,194.0
21200061,2012-11-07,DAL,-6.0,198.5
21200061,2012-11-07,TOR,6.0,198.5
21200062,2012-11-07,LAL,3.5,196.5
21200062,2012-11-07,UTA,-3.5,196.5
21200063,2012-11-07,DET,6.0,192.0
21200063,2012-11-07,SAC,-6.0,192.0
21200064,2012-11-07,LAC,1.0,201.0
21200064,2012-11-07,SAS,-1.0,201.0
21200065,2012-11-07,CLE,4.5,202.0
21200065,2012-11-07,GSW,-4.5,202.0
21200066,2012-11-08,CHI,2.5,190.5
21200066,2012-11-08,OKC,-2.5,190.5
21200067,2012-11-08,LAC,-1.0,201.0
21200067,2012-11-08,POR,1.0,201.0
21200068,2012-11-09,MIL,-3.5,191.5
21200068,2012-11-09,WAS,3.5,191.5
21200069,2012-11-09,BKN,-3.0,195.0
21200069,2012-11-09,ORL,3.0,195.0
21200070,2012-11-09,BOS,-5.0,178.5
21200070,2012-11-09,PHI,5.0,178.5
21200071,2012-11-09,DAL,6.0,197.0
21200071,2012-11-09,NYK,-6.0,197.0
21200072,2012-11-09,ATL,5.5,198.0
21200072,2012-11-09,MIA,-5.5,198.0
21200073,2012-11-09,HOU,7.0,195.5
21200073,2012-11-09,MEM,-7.0,195.5
21200074,2012-11-09,CHA,7.0,181.5
21200075,2012-11-09,DET,11.5,198.5
21200075,2012-11-09,OKC,-11.5,198.5
21200076,2012-11-09,IND,2.0,183.5
21200076,2012-11-09,MIN,-2.0,183.5
21200077,2012-11-09,CLE,3.5,201.0
21200077,2012-11-09,PHX,-3.5,201.0
21200078,2012-11-09,SAC,6.0,198.5
21200078,2012-11-09,SAS,-6.0,198.5
21200079,2012-11-09,DEN,-5.5,202.0
21200079,2012-11-09,UTA,5.5,202.0
21200080,2012-11-09,GSW,7.5,197.0
21200080,2012-11-09,LAL,-7.5,197.0
21200081,2012-11-10,PHI,2.5,186.5
21200081,2012-11-10,TOR,-2.5,186.5
21200082,2012-11-10,IND,-8.0,183.5
21200082,2012-11-10,WAS,8.0,183.5
21200083,2012-11-10,CHA,6.0,199.0
21200083,2012-11-10,DAL,-6.0,199.0
21200084,2012-11-10,CHI,-7.5,184.5
21200084,2012-11-10,MIN,7.5,184.5
21200085,2012-11-10,DET,7.5,193.5
21200085,2012-11-10,HOU,-7.5,193.5
21200086,2012-11-10,BOS,0.0,191.5
21200086,2012-11-10,MIL,0.0,191.5
21200087,2012-11-10,PHX,8.5,201.5
21200087,2012-11-10,UTA,-8.5,201.5
21200088,2012-11-10,POR,3.0,197.0
21200088,2012-11-10,SAS,-3.0,197.0
21200089,2012-11-10,DEN,-2.0,203.0
21200089,2012-11-10,GSW,2.0,203.0
21200090,2012-11-11,BKN,-8.0,191.0
21200090,2012-11-11,ORL,8.0,191.0
21200091,2012-11-11,ATL,6.0,197.5
21200091,2012-11-11,LAC,-6.0,197.5
21200092,2012-11-11,MEM,2.0,195.5
21200092,2012-11-11,MIA,-2.0,195.5
21200093,2012-11-11,CLE,9.5,203.0
21200093,2012-11-11,OKC,-9.5,203.0
21200094,2012-11-11,LAL,-9.0,191.5
21200094,2012-11-11,SAC,9.0,191.5
21200095,2012-11-12,TOR,2.5,192.5
21200095,2012-11-12,UTA,-2.5,192.5
21200096,2012-11-12,MIL,3.5,190.5
21200096,2012-11-12,PHI,-3.5,190.5
21200097,2012-11-12,DET,6.5,193.5
21200097,2012-11-12,OKC,-6.5,193.5
21200098,2012-11-12,BOS,2.5,184.0
21200098,2012-11-12,CHI,-2.5,184.0
21200099,2012-11-12,HOU,5.5,196.0
21200099,2012-11-12,MIA,-5.5,196.0
21200100,2012-11-12,DAL,-7.5,191.5
21200100,2012-11-12,MIN,7.5,191.5
21200101,2012-11-12,DEN,-4.5,203.5
21200101,2012-11-12,PHX,4.5,203.5
21200102,2012-11-12,ATL,3.0,194.0
21200102,2012-11-12,POR,-3.0,194.0
21200103,2012-11-13,CHA,-2.0,190.0
21200103,2012-11-13,WAS,2.0,190.0
21200104,2012-11-13,NYK,-7.0,188.0
21200104,2012-11-13,ORL,7.0,188.0
21200105,2012-11-13,IND,-9.0,185.5
21200105,2012-11-13,TOR,9.0,185.5
21200106,2012-11-13,BKN,-6.0,196.5
21200106,2012-11-13,CLE,6.0,196.5
21200107,2012-11-13,POR,2.5,196.5
21200107,2012-11-13,SAC,-2.5,196.5
21200108,2012-11-13,LAL,1.0,195.0
21200108,2012-11-13,SAS,-1.0,195.0
21200109,2012-11-14,DET,7.5,186.0
21200109,2012-11-14,PHI,-7.5,186.0
21200110,2012-11-14,BOS,-5.5,191.5
21200110,2012-11-14,UTA,5.5,191.5
21200111,2012-11-14,IND,4.5,189.5
21200111,2012-11-14,MIL,-4.5,189.5
21200112,2012-11-14,HOU,-6.5,187.0
21200113,2012-11-14,MEM,5.0,195.5
21200113,2012-11-14,OKC,-5.0,195.5
21200114,2012-11-14,CHA,6.5,182.5
21200114,2012-11-14,MIN,-6.5,182.5
21200115,2012-11-14,DAL,-8.5,192.0
21200115,2012-11-14,WAS,8.5,192.0
21200116,2012-11-14,CHI,-3.0,190.5
21200116,2012-11-14,PHX,3.0,190.5
21200117,2012-11-14,LAC,-1.0,196.5
21200117,2012-11-14,MIA,1.0,196.5
21200118,2012-11-14,ATL,1.0,192.5
21200118,2012-11-14,GSW,-1.0,192.5
21200119,2012-11-15,BKN,-4.0,189.0
21200119,2012-11-15,BOS,4.0,189.0
21200120,2012-11-15,NYK,5.0,193.5
21200120,2012-11-15,SAS,-5.0,193.5
21200121,2012-11-15,DEN,-3.0,202.0
21200121,2012-11-15,MIA,3.0,202.0
21200122,2012-11-16,PHI,-1.5,186.0
21200122,2012-11-16,UTA,1.5,186.0
21200123,2012-11-16,DET,-5.0,187.0
21200123,2012-11-16,ORL,5.0,187.0
21200124,2012-11-16,DAL,2.5,187.0
21200124,2012-11-16,IND,-2.5,187.0
21200125,2012-11-16,OKC,-6.0,186.5
21200126,2012-11-16,GSW,1.5,186.0
21200126,2012-11-16,MIN,-1.5,186.0
21200127,2012-11-16,MEM,-6.0,192.0
21200127,2012-11-16,NYK,6.0,192.0
21200128,2012-11-16,ATL,-2.0,190.0
21200128,2012-11-16,SAC,2.0,190.0
21200129,2012-11-16,HOU,2.0,197.5
21200129,2012-11-16,POR,-2.0,197.5
21200130,2012-11-16,LAL,-9.0,201.0
21200130,2012-11-16,PHX,9.0,201.0
21200131,2012-11-17,BOS,-7.0,187.5
21200131,2012-11-17,TOR,7.0,187.5
21200132,2012-11-17,CHI,6.0,191.0
21200132,2012-11-17,LAC,-6.0,191.0
21200133,2012-11-17,UTA,-3.0,188.5
21200133,2012-11-17,WAS,3.0,188.5
21200134,2012-11-17,CHA,6.0,190.5
21200134,2012-11-17,MEM,-6.0,190.5
21200135,2012-11-17,CLE,-2.5,199.5
21200135,2012-11-17,DAL,2.5,199.5
21200136,2012-11-17,MIL,-7.5,191.5
21200137,2012-11-17,DEN,6.5,202.0
21200137,2012-11-17,SAS,-6.5,202.0
21200138,2012-11-17,MIA,-6.0,202.0
21200138,2012-11-17,PHX,6.0,202.0
21200139,2012-11-18,IND,7.0,186.0
21200139,2012-11-18,NYK,-7.0,186.0
21200140,2012-11-18,ORL,4.0,187.0
21200140,2012-11-18,TOR,-4.0,187.0
21200141,2012-11-18,CLE,6.5,191.0
21200141,2012-11-18,PHI,-6.5,191.0
21200142,2012-11-18,BKN,-3.0,192.0
21200142,2012-11-18,SAC,3.0,192.0
21200143,2012-11-18,GSW,9.5,198.5
21200143,2012-11-18,OKC,-9.5,198.5
21200144,2012-11-18,BOS,-3.5,189.0
21200144,2012-11-18,DET,3.5,189.0
21200145,2012-11-18,CHI,1.0,192.5
21200145,2012-11-18,POR,-1.0,192.5
21200146,2012-11-18,HOU,7.0,206.0
21200146,2012-11-18,LAL,-7.0,206.0
21200147,2012-11-19,IND,-3.0,180.0
21200147,2012-11-19,WAS,3.0,180.0
21200148,2012-11-19,CHA,4.5,197.0
21200148,2012-11-19,MIL,-4.5,197.0
21200149,2012-11-19,ATL,-10.0,186.5
21200149,2012-11-19,ORL,10.0,186.5
21200150,2012-11-19,DEN,6.5,196.0
21200150,2012-11-19,MEM,-6.5,196.0
21200151,2012-11-19,DAL,-5.5,200.0
21200151,2012-11-19,GSW,5.5,200.0
21200152,2012-11-19,LAC,4.5,199.0
21200152,2012-11-19,SAS,-4.5,199.0
21200153,2012-11-19,HOU,7.0,196.5
21200153,2012-11-19,UTA,-7.0,196.5
21200154,2012-11-20,PHI,-5.0,182.5
21200154,2012-11-20,TOR,5.0,182.5
21200155,2012-11-20,NYK,-6.0,186.5
21200156,2012-11-20,BKN,5.5,208.0
21200156,2012-11-20,LAL,-5.5,208.0
21200157,2012-11-21,CHA,-2.5,192.0
21200157,2012-11-21,TOR,2.5,192.0
21200158,2012-11-21,DET,1.5,186.5
21200158,2012-11-21,ORL,-1.5,186.5
21200159,2012-11-21,CLE,4.0,182.5
21200159,2012-11-21,PHI,-4.0,182.5
21200160,2012-11-21,IND,-8.0,181.0
21200161,2012-11-21,BOS,1.5,194.5
21200161,2012-11-21,SAS,-1.5,194.5
21200162,2012-11-21,ATL,-9.5,184.0
21200162,2012-11-21,WAS,9.5,184.0
21200163,2012-11-21,MIA,-9.5,204.0
21200163,2012-11-21,MIL,9.5,204.0
21200164,2012-11-21,LAC,4.5,198.5
21200164,2012-11-21,OKC,-4.5,198.5
21200165,2012-11-21,CHI,0.0,192.5
21200165,2012-11-21,HOU,0.0,192.5
21200166,2012-11-21,DEN,-3.0,191.5
21200166,2012-11-21,MIN,3.0,191.5
21200167,2012-11-21,DAL,3.0,195.0
21200167,2012-11-21,NYK,-3.0,195.0
21200168,2012-11-21,PHX,-1.5,200.5
21200168,2012-11-21,POR,1.5,200.5
21200169,2012-11-21,LAL,-5.5,204.5
21200169,2012-11-21,SAC,5.5,204.5
21200170,2012-11-21,BKN,1.5,194.5
21200170,2012-11-21,GSW,-1.5,194.5
21200171,2012-11-23,ATL,-3.5,188.5
21200171,2012-11-23,CHA,3.5,188.5
21200172,2012-11-23,CLE,4.5,184.0
21200172,2012-11-23,ORL,-4.5,184.0
21200173,2012-11-23,BOS,3.0,197.0
21200173,2012-11-23,OKC,-3.0,197.0
21200174,2012-11-23,BKN,2.5,195.0
21200174,2012-11-23,LAC,-2.5,195.0
21200175,2012-11-23,DET,-1.5,192.0
21200175,2012-11-23,TOR,1.5,192.0
21200176,2012-11-23,IND,4.0,190.5
21200176,2012-11-23,SAS,-4.0,190.5
21200177,2012-11-23,LAL,4.5,200.0
21200177,2012-11-23,MEM,-4.5,200.0
21200178,2012-11-23,HOU,4.0,196.5
21200178,2012-11-23,NYK,-4.0,196.5
21200179,2012-11-23,DEN,-6.5,201.0
21200179,2012-11-23,GSW,6.5,201.0
21200180,2012-11-23,SAC,9.0,193.5
21200180,2012-11-23,UTA,-9.0,193.5
21200181,2012-11-23,PHX,-4.5,194.0
21200182,2012-11-23,MIN,2.0,195.5
21200182,2012-11-23,POR,-2.0,195.5
21200183,2012-11-24,OKC,-4.0,192.0
21200183,2012-11-24,PHI,4.0,192.0
21200184,2012-11-24,CHA,3.5,188.0
21200184,2012-11-24,WAS,-3.5,188.0
21200185,2012-11-24,ATL,1.5,188.5
21200185,2012-11-24,LAC,-1.5,188.5
21200186,2012-11-24,CLE,14.5,196.5
21200186,2012-11-24,MIA,-14.5,196.5
21200187,2012-11-24,DAL,1.5,205.0
21200187,2012-11-24,LAL,-1.5,205.0
21200188,2012-11-24,CHI,2.5,193.5
21200188,2012-11-24,MIL,-2.5,193.5
21200189,2012-11-24,SAC,1.5,195.0
21200189,2012-11-24,UTA,-1.5,195.0
21200190,2012-11-24,GSW,-3.0,196.5
21200190,2012-11-24,MIN,3.0,196.5
21200191,2012-11-25,SAS,-6.0,196.5
21200191,2012-11-25,TOR,6.0,196.5
21200192,2012-11-25,DET,11.5,190.5
21200192,2012-11-25,NYK,-11.5,190.5
21200193,2012-11-25,BKN,-7.5,193.5
21200193,2012-11-25,POR,7.5,193.5
21200194,2012-11-25,PHI,-4.0,194.5
21200194,2012-11-25,PHX,4.0,194.5
21200195,2012-11-25,BOS,-5.0,192.5
21200195,2012-11-25,ORL,5.0,192.5
21200196,2012-11-25,DEN,-10.0,195.5
21200197,2012-11-26,SAS,-6.5,194.0
21200197,2012-11-26,WAS,6.5,194.0
21200198,2012-11-26,DET,1.0,193.0
21200198,2012-11-26,POR,-1.0,193.0
21200199,2012-11-26,CHI,-4.0,191.5
21200199,2012-11-26,MIL,4.0,191.5
21200200,2012-11-26,CLE,12.0,194.0
21200200,2012-11-26,MEM,-12.0,194.0
21200201,2012-11-26,CHA,12.0,200.5
21200201,2012-11-26,OKC,-12.0,200.5
21200202,2012-11-26,DEN,3.0,199.0
21200202,2012-11-26,UTA,-3.0,199.0
21200203,2012-11-26,LAC,-12.5,189.0
21200204,2012-11-27,DAL,3.0,193.5
21200204,2012-11-27,PHI,-3.0,193.5
21200205,2012-11-27,CLE,3.0,201.5
21200205,2012-11-27,PHX,-3.0,201.5
21200206,2012-11-27,HOU,-5.5,201.5
21200206,2012-11-27,TOR,5.5,201.5
21200207,2012-11-27,MIN,1.0,196.5
21200207,2012-11-27,SAC,-1.0,196.5
21200208,2012-11-27,IND,8.0,195.5
21200208,2012-11-27,LAL,-8.0,195.5
21200209,2012-11-28,POR,-3.5,193.5
21200209,2012-11-28,WAS,3.5,193.5
21200210,2012-11-28,ORL,7.5,197.0
21200210,2012-11-28,SAS,-7.5,197.0
21200211,2012-11-28,BKN,3.5,190.0
21200211,2012-11-28,BOS,-3.5,190.0
21200212,2012-11-28,ATL,-8.5,193.5
21200212,2012-11-28,CHA,8.5,193.5
21200213,2012-11-28,DET,-3.0,198.0
21200213,2012-11-28,PHX,3.0,198.0
21200214,2012-11-28,CHI,-6.0,191.0
21200214,2012-11-28,DAL,6.0,191.0
21200215,2012-11-28,MIL,1.5,201.0
21200215,2012-11-28,NYK,-1.5,201.0
21200216,2012-11-28,MEM,-10.0,190.5
21200216,2012-11-28,TOR,10.0,190.5
21200217,2012-11-28,UTA,-3.0,190.5
21200218,2012-11-28,HOU,10.0,209.5
21200218,2012-11-28,OKC,-10.0,209.5
21200219,2012-11-28,LAC,-9.0,192.5
21200219,2012-11-28,MIN,9.0,192.5
21200220,2012-11-29,MIA,-11.5,200.0
21200220,2012-11-29,SAS,11.5,200.0
21200221,2012-11-29,DEN,-1.5,200.0
21200221,2012-11-29,GSW,1.5,200.0
21200222,2012-11-30,PHX,2.5,200.0
21200222,2012-11-30,TOR,-2.5,200.0
21200223,2012-11-30,CHA,3.5,189.0
21200223,2012-11-30,PHI,-3.5,189.0
21200224,2012-11-30,BKN,-4.5,186.0
21200224,2012-11-30,ORL,4.5,186.0
21200225,2012-11-30,BOS,-5.0,192.0
21200225,2012-11-30,POR,5.0,192.0
21200226,2012-11-30,NYK,-13.0,190.5
21200226,2012-11-30,WAS,13.0,190.5
21200227,2012-11-30,ATL,-8.5,189.5
21200227,2012-11-30,CLE,8.5,189.5
21200228,2012-11-30,DET,11.5,189.0
21200228,2012-11-30,MEM,-11.5,189.0
21200229,2012-11-30,OKC,-9.0,202.5
21200229,2012-11-30,UTA,9.0,202.5
21200230,2012-11-30,MIL,2.0,194.0
21200230,2012-11-30,MIN,-2.0,194.0
21200231,2012-11-30,IND,-1.0,188.5
21200231,2012-11-30,SAC,1.0,188.5
21200232,2012-11-30,DEN,5.0,205.5
21200232,2012-11-30,LAL,-5.0,205.5
21200233,2012-12-01,BKN,8.5,194.0
21200233,2012-12-01,MIA,-8.5,194.0
21200234,2012-12-01,CLE,-1.0,194.0
21200234,2012-12-01,POR,1.0,194.0
21200235,2012-12-01,CHI,-6.5,183.0
21200235,2012-12-01,PHI,6.5,183.0
21200236,2012-12-01,OKC,-9.0,193.5
21200237,2012-12-01,HOU,-6.0,206.0
21200237,2012-12-01,UTA,6.0,206.0
21200238,2012-12-01,BOS,3.0,195.0
21200238,2012-12-01,MIL,-3.0,195.0
21200239,2012-12-01,MEM,6.0,196.0
21200239,2012-12-01,SAS,-6.0,196.0
21200240,2012-12-01,DAL,-7.5,195.0
21200240,2012-12-01,DET,7.5,195.0
21200241,2012-12-01,LAC,-11.5,197.5
21200241,2012-12-01,SAC,11.5,197.5
21200242,2012-12-01,GSW,-4.0,190.0
21200242,2012-12-01,IND,4.0,190.0
21200243,2012-12-02,NYK,-11.0,199.5
21200243,2012-12-02,PHX,11.0,199.5
21200244,2012-12-02,LAL,-13.0,201.0
21200244,2012-12-02,ORL,13.0,201.0
21200245,2012-12-03,CHA,0.0,192.5
21200245,2012-12-03,POR,0.0,192.5
21200246,2012-12-03,CLE,5.0,191.0
21200246,2012-12-03,DET,-5.0,191.0
21200247,2012-12-03,MIL,-4.0,189.0
21200248,2012-12-03,DEN,-10.0,201.0
21200248,2012-12-03,TOR,10.0,201.0
21200249,2012-12-03,LAC,-1.5,197.0
21200249,2012-12-03,UTA,1.5,197.0
21200250,2012-12-03,GSW,-10.0,195.5
21200250,2012-12-03,ORL,10.0,195.5
21200251,2012-12-04,MIN,3.0,187.0
21200251,2012-12-04,PHI,-3.0,187.0
21200252,2012-12-04,MIA,-10.0,194.5
21200252,2012-12-04,WAS,10.0,194.5
21200253,2012-12-04,BKN,4.5,195.5
21200253,2012-12-04,OKC,-4.5,195.5
21200254,2012-12-04,CHI,-3.5,180.5
21200254,2012-12-04,IND,3.5,180.5
21200255,2012-12-04,MEM,-10.5,196.5
21200255,2012-12-04,PHX,10.5,196.5
21200256,2012-12-04,HOU,1.0,214.5
21200256,2012-12-04,LAL,-1.0,214.5
21200257,2012-12-05,CHA,7.5,198.0
21200257,2012-12-05,NYK,-7.5,198.0
21200258,2012-12-05,IND,-4.0,186.5
21200258,2012-12-05,POR,4.0,186.5
21200259,2012-12-05,BOS,-6.0,191.5
21200259,2012-12-05,MIN,6.0,191.5
21200260,2012-12-05,ATL,-2.0,199.5
21200260,2012-12-05,DEN,2.0,199.5
21200261,2012-12-05,DET,0.0,192.5
21200261,2012-12-05,GSW,0.0,192.5
21200262,2012-12-05,CHI,-3.5,183.5
21200262,2012-12-05,CLE,3.5,183.5
21200263,2012-12-05,LAL,-4.5,197.0
21200264,2012-12-05,MIL,9.0,201.5
21200264,2012-12-05,SAS,-9.0,201.5
21200265,2012-12-05,ORL,8.0,196.5
21200265,2012-12-05,UTA,-8.0,196.5
21200266,2012-12-05,SAC,-2.5,197.0
21200266,2012-12-05,TOR,2.5,197.0
21200267,2012-12-05,DAL,8.5,199.5
21200267,2012-12-05,LAC,-8.5,199.5
21200268,2012-12-06,MIA,-8.5,200.0
21200268,2012-12-06,NYK,8.5,200.0
21200269,2012-12-06,DAL,3.0,199.5
21200269,2012-12-06,PHX,-3.0,199.5
21200270,2012-12-07,BOS,-1.5,189.0
21200270,2012-12-07,PHI,1.5,189.0
21200271,2012-12-07,DEN,1.5,194.5
21200271,2012-12-07,IND,-1.5,194.5
21200272,2012-12-07,BKN,-6.5,195.0
21200272,2012-12-07,GSW,6.5,195.0
21200273,2012-12-07,ATL,-9.0,192.5
21200273,2012-12-07,WAS,9.0,192.5
21200274,2012-12-07,CHI,-2.5,182.5
21200274,2012-12-07,DET,2.5,182.5
21200275,2012-12-07,MEM,-7.5,183.5
21200276,2012-12-07,CLE,8.5,191.0
21200276,2012-12-07,MIN,-8.5,191.0
21200277,2012-12-07,CHA,7.5,197.5
21200277,2012-12-07,MIL,-7.5,197.5
21200278,2012-12-07,HOU,8.5,212.0
21200278,2012-12-07,SAS,-8.5,212.0
21200279,2012-12-07,TOR,7.0,198.5
21200279,2012-12-07,UTA,-7.0,198.5
21200280,2012-12-07,LAL,7.5,211.5
21200280,2012-12-07,OKC,-7.5,211.5
21200281,2012-12-07,ORL,3.0,194.5
21200281,2012-12-07,SAC,-3.0,194.5
21200282,2012-12-08,LAC,-10.5,201.5
21200282,2012-12-08,PHX,10.5,201.5
21200283,2012-12-08,GSW,-4.5,196.5
21200283,2012-12-08,WAS,4.5,196.5
21200284,2012-12-08,CHA,9.5,200.5
21200284,2012-12-08,SAS,-9.5,200.5
21200285,2012-12-08,BOS,-6.0,186.0
21200285,2012-12-08,PHI,6.0,186.0
21200286,2012-12-08,MIA,-14.0,194.0
21200287,2012-12-08,CLE,1.0,188.5
21200287,2012-12-08,DET,-1.0,188.5
21200288,2012-12-08,CHI,2.0,189.0
21200288,2012-12-08,NYK,-2.0,189.0
21200289,2012-12-08,ATL,7.0,187.5
21200289,2012-12-08,MEM,-7.0,187.5
21200290,2012-12-08,DAL,6.0,209.0
21200290,2012-12-08,HOU,-6.0,209.0
21200291,2012-12-08,POR,-6.0,197.0
21200291,2012-12-08,SAC,6.0,197.0
21200292,2012-12-09,LAC,-11.0,201.5
21200292,2012-12-09,TOR,11.0,201.5
21200293,2012-12-09,BKN,-6.0,194.0
21200293,2012-12-09,MIL,6.0,194.0
21200294,2012-12-09,IND,10.0,196.0
21200294,2012-12-09,OKC,-10.0,196.0
21200295,2012-12-09,DEN,5.0,201.5
21200295,2012-12-09,NYK,-5.0,201.5
21200296,2012-12-09,ORL,4.0,197.0
21200296,2012-12-09,PHX,-4.0,197.0
21200297,2012-12-09,LAL,-6.5,206.0
21200297,2012-12-09,UTA,6.5,206.0
21200298,2012-12-10,DET,6.0,186.5
21200298,2012-12-10,PHI,-6.0,186.5
21200299,2012-12-10,CHA,4.5,202.0
21200299,2012-12-10,GSW,-4.5,202.0
21200300,2012-12-10,ATL,7.0,196.5
21200300,2012-12-10,MIA,-7.0,196.5
21200301,2012-12-10,HOU,7.0,211.0
21200301,2012-12-10,SAS,-7.0,211.0
21200302,2012-12-10,DAL,-6.5,200.0
21200302,2012-12-10,SAC,6.5,200.0
21200303,2012-12-10,POR,-3.5,196.0
21200303,2012-12-10,TOR,3.5,196.0
21200304,2012-12-11,BKN,2.5,193.5
21200304,2012-12-11,NYK,-2.5,193.5
21200305,2012-12-11,CLE,6.0,201.0
21200305,2012-12-11,LAL,-6.0,201.0
21200306,2012-12-11,DEN,-5.0,203.5
21200306,2012-12-11,DET,5.0,203.5
21200307,2012-12-11,WAS,4.5,187.0
21200308,2012-12-11,CHI,3.0,187.5
21200308,2012-12-11,LAC,-3.0,187.5
21200309,2012-12-12,BKN,-6.5,185.5
21200309,2012-12-12,TOR,6.5,185.5
21200310,2012-12-12,ATL,-5.0,187.5
21200310,2012-12-12,ORL,5.0,187.5
21200311,2012-12-12,CLE,8.5,188.5
21200311,2012-12-12,IND,-8.5,188.5
21200312,2012-12-12,CHI,2.5,181.5
21200312,2012-12-12,PHI,-2.5,181.5
21200313,2012-12-12,CHA,8.0,200.0
21200313,2012-12-12,LAC,-8.0,200.0
21200314,2012-12-12,GSW,8.5,204.5
21200314,2012-12-12,MIA,-8.5,204.5
21200315,2012-12-12,BOS,-6.0,195.5
21200315,2012-12-12,DAL,6.0,195.5
21200316,2012-12-12,MIL,-7.5,197.5
21200316,2012-12-12,SAC,7.5,197.5
21200317,2012-12-12,HOU,-11.0,206.0
21200317,2012-12-12,WAS,11.0,206.0
21200318,2012-12-12,OKC,-14.0,195.0
21200319,2012-12-12,DEN,3.5,199.5
21200319,2012-12-12,MIN,-3.5,199.5
21200320,2012-12-12,MEM,-3.5,210.0
21200320,2012-12-12,PHX,3.5,210.0
21200321,2012-12-12,SAS,-3.5,210.0
21200321,2012-12-12,UTA,3.5,210.0
21200322,2012-12-13,ATL,-10.5,194.0
21200322,2012-12-13,CHA,10.5,194.0
21200323,2012-12-13,LAL,7.0,207.5
21200323,2012-12-13,NYK,-7.0,207.5
21200324,2012-12-13,POR,7.0,201.5
21200324,2012-12-13,SAS,-7.0,201.5
21200325,2012-12-14,DAL,-5.0,193.5
21200325,2012-12-14,TOR,5.0,193.5
21200326,2012-12-14,LAL,-6.0,199.5
21200326,2012-12-14,WAS,6.0,199.5
21200327,2012-12-14,IND,-6.0,180.0
21200327,2012-12-14,PHI,6.0,180.0
21200328,2012-12-14,BKN,-8.0,191.5
21200328,2012-12-14,DET,8.0,191.5
21200329,2012-12-14,CLE,3.0,194.5
21200329,2012-12-14,MIL,-3.0,194.5
21200330,2012-12-14,GSW,-4.0,194.5
21200330,2012-12-14,ORL,4.0,194.5
21200331,2012-12-14,MIN,-4.0,184.5
21200332,2012-12-14,BOS,2.5,206.0
21200332,2012-12-14,HOU,-2.5,206.0
21200333,2012-12-14,OKC,-13.0,205.0
21200333,2012-12-14,SAC,13.0,205.0
21200334,2012-12-14,PHX,2.0,200.5
21200334,2012-12-14,UTA,-2.0,200.5
21200335,2012-12-14,DEN,-1.0,195.5
21200335,2012-12-14,MEM,1.0,195.5
21200336,2012-12-15,CHA,0.0,193.0
21200336,2012-12-15,ORL,0.0,193.0
21200337,2012-12-15,ATL,-6.5,197.0
21200337,2012-12-15,GSW,6.5,197.0
21200338,2012-12-15,CLE,10.5,195.5
21200338,2012-12-15,NYK,-10.5,195.5
21200339,2012-12-15,MIA,-15.0,196.5
21200339,2012-12-15,WAS,15.0,196.5
21200340,2012-12-15,DET,2.0,183.5
21200340,2012-12-15,IND,-2.0,183.5
21200341,2012-12-15,BKN,4.5,183.0
21200341,2012-12-15,CHI,-4.5,183.0
21200342,2012-12-15,DAL,4.5,195.5
21200342,2012-12-15,MIN,-4.5,195.5
21200343,2012-12-15,LAC,-5.0,195.0
21200343,2012-12-15,MIL,5.0,195.0
21200344,2012-12-15,BOS,9.5,198.5
21200344,2012-12-15,SAS,-9.5,198.5
21200345,2012-12-15,MEM,2.0,190.0
21200345,2012-12-15,UTA,-2.0,190.0
21200346,2012-12-16,HOU,-4.0,197.5
21200346,2012-12-16,TOR,4.0,197.5
21200347,2012-12-16,LAL,-3.0,197.0
21200347,2012-12-16,PHI,3.0,197.0
21200348,2012-12-16,DEN,-4.5,204.0
21200348,2012-12-16,SAC,4.5,204.0
21200349,2012-12-16,POR,-4.5,185.5
21200350,2012-12-17,MIN,-4.0,192.5
21200350,2012-12-17,ORL,4.0,192.5
21200351,2012-12-17,HOU,8.0,210.0
21200351,2012-12-17,NYK,-8.0,210.0
21200352,2012-12-17,DET,7.0,192.5
21200352,2012-12-17,LAC,-7.0,192.5
21200353,2012-12-17,CHI,6.5,179.5
21200353,2012-12-17,MEM,-6.5,179.5
21200354,2012-12-17,OKC,-5.5,208.5
21200354,2012-12-17,SAS,5.5,208.5
21200355,2012-12-17,PHX,-6.5,197.0
21200355,2012-12-17,SAC,6.5,197.0
21200356,2012-12-18,ATL,-6.5,187.5
21200356,2012-12-18,WAS,6.5,187.5
21200357,2012-12-18,CLE,-4.5,189.5
21200357,2012-12-18,TOR,4.5,189.5
21200358,2012-12-18,BKN,-4.5,194.0
21200358,2012-12-18,UTA,4.5,194.0
21200359,2012-12-18,MIA,-8.5,200.0
21200359,2012-12-18,MIN,8.5,200.0
21200360,2012-12-18,BOS,1.5,181.0
21200360,2012-12-18,CHI,-1.5,181.0
21200361,2012-12-18,IND,2.5,186.5
21200361,2012-12-18,MIL,-2.5,186.5
21200362,2012-12-18,DAL,-6.0,193.5
21200362,2012-12-18,PHI,6.0,193.5
21200363,2012-12-18,DEN,-2.5,208.0
21200363,2012-12-18,SAS,2.5,208.0
21200364,2012-12-18,CHA,12.0,206.0
21200364,2012-12-18,LAL,-12.0,206.0
21200365,2012-12-18,GSW,-7.5,192.0
21200366,2012-12-19,DET,2.5,186.0
21200366,2012-12-19,TOR,-2.5,186.0
21200367,2012-12-19,BKN,6.0,192.5
21200367,2012-12-19,NYK,-6.0,192.5
21200368,2012-12-19,ORL,-7.0,187.5
21200368,2012-12-19,WAS,7.0,187.5
21200369,2012-12-19,IND,-3.5,187.0
21200369,2012-12-19,UTA,3.5,187.0
21200370,2012-12-19,BOS,-8.5,192.5
21200370,2012-12-19,CLE,8.5,192.5
21200371,2012-12-19,ATL,6.5,198.0
21200371,2012-12-19,OKC,-6.5,198.0
21200372,2012-12-19,HOU,-8.0,199.5
21200372,2012-12-19,PHI,8.0,199.5
21200373,2012-12-19,CHA,9.0,199.0
21200373,2012-12-19,PHX,-9.0,199.0
21200374,2012-12-19,MEM,-9.0,185.0
21200374,2012-12-19,MIL,9.0,185.0
21200375,2012-12-19,GSW,-3.5,200.5
21200375,2012-12-19,SAC,3.5,200.5
21200376,2012-12-19,LAC,-14.0,189.5
21200377,2012-12-20,MIN,2.5,200.5
21200377,2012-12-20,OKC,-2.5,200.5
21200378,2012-12-20,DAL,5.5,201.5
21200378,2012-12-20,MIA,-5.5,201.5
21200379,2012-12-20,DEN,-5.5,200.0
21200379,2012-12-20,POR,5.5,200.0
21200380,2012-12-21,ORL,3.5,187.0
21200380,2012-12-21,TOR,-3.5,187.0
21200381,2012-12-21,ATL,-2.0,188.0
21200381,2012-12-21,PHI,2.0,188.0
21200382,2012-12-21,BOS,-5.0,191.5
21200382,2012-12-21,MIL,5.0,191.5
21200383,2012-12-21,CHI,6.0,187.5
21200383,2012-12-21,NYK,-6.0,187.5
21200384,2012-12-21,DET,-6.5,185.0
21200384,2012-12-21,WAS,6.5,185.0
21200385,2012-12-21,CLE,4.0,187.0
21200385,2012-12-21,IND,-4.0,187.0
21200386,2012-12-21,DAL,10.5,188.0
21200386,2012-12-21,MEM,-10.5,188.0
21200387,2012-12-21,SAS,-13.0,195.0
21200388,2012-12-21,LAC,-13.0,200.0
21200388,2012-12-21,SAC,13.0,200.0
21200389,2012-12-21,CHA,10.5,204.5
21200389,2012-12-21,GSW,-10.5,204.5
21200390,2012-12-22,DET,-1.0,184.0
21200390,2012-12-22,WAS,1.0,184.0
21200391,2012-12-22,ATL,-3.5,184.5
21200391,2012-12-22,CHI,3.5,184.5
21200392,2012-12-22,MIA,-8.5,199.5
21200392,2012-12-22,UTA,8.5,199.5
21200393,2012-12-22,IND,-3.5,178.5
21200394,2012-12-22,HOU,0.0,197.5
21200394,2012-12-22,MEM,0.0,197.5
21200395,2012-12-22,CLE,8.0,195.5
21200395,2012-12-22,MIL,-8.0,195.5
21200396,2012-12-22,CHA,16.0,209.0
21200396,2012-12-22,DEN,-16.0,209.0
21200397,2012-12-22,PHX,3.5,195.5
21200397,2012-12-22,POR,-3.5,195.5
21200398,2012-12-22,GSW,1.5,214.0
21200398,2012-12-22,LAL,-1.5,214.0
21200399,2012-12-23,BKN,-6.0,187.0
21200399,2012-12-23,PHI,6.0,187.0
21200400,2012-12-23,MIN,8.5,198.0
21200400,2012-12-23,NYK,-8.5,198.0
21200401,2012-12-23,ORL,0.0,187.5
21200401,2012-12-23,UTA,0.0,187.5
21200402,2012-12-23,DAL,11.0,206.5
21200402,2012-12-23,SAS,-11.0,206.5
21200403,2012-12-23,LAC,-6.5,196.0
21200403,2012-12-23,PHX,6.5,196.0
21200404,2012-12-23,POR,1.0,195.5
21200404,2012-12-23,SAC,-1.0,195.5
21200405,2012-12-25,BKN,-3.0,185.0
21200405,2012-12-25,BOS,3.0,185.0
21200406,2012-12-25,LAL,-4.0,211.0
21200406,2012-12-25,NYK,4.0,211.0
21200407,2012-12-25,MIA,-3.0,204.5
21200407,2012-12-25,OKC,3.0,204.5
21200408,2012-12-25,CHI,-4.5,197.0
21200408,2012-12-25,HOU,4.5,197.0
21200409,2012-12-25,DEN,7.5,202.5
21200409,2012-12-25,LAC,-7.5,202.5
21200410,2012-12-26,CLE,1.0,188.5
21200410,2012-12-26,WAS,-1.0,188.5
21200411,2012-12-26,CHA,10.0,201.5
21200411,2012-12-26,MIA,-10.0,201.5
21200412,2012-12-26,ORL,-3.0,183.0
21200413,2013-02-04,CHI,5.5,176.0
21200413,2013-02-04,IND,-5.5,176.0
21200414,2012-12-26,ATL,-7.5,187.0
21200414,2012-12-26,DET,7.5,187.0
21200415,2012-12-26,BKN,3.5,189.0
21200415,2012-12-26,MIL,-3.5,189.0
21200416,2012-12-26,MEM,-8.5,183.0
21200416,2012-12-26,PHI,8.5,183.0
21200417,2012-12-26,HOU,5.0,209.5
21200417,2012-12-26,MIN,-5.0,209.5
21200418,2012-12-26,SAS,-13.5,200.0
21200418,2012-12-26,TOR,13.5,200.0
21200419,2012-12-26,DEN,-3.5,214.0
21200419,2012-12-26,LAL,3.5,214.0
21200420,2012-12-26,GSW,4.0,203.5
21200420,2012-12-26,UTA,-4.0,203.5
21200421,2012-12-26,NYK,-2.5,199.0
21200421,2012-12-26,PHX,2.5,199.0
21200422,2012-12-26,POR,-7.0,199.0
21200422,2012-12-26,SAC,7.0,199.0
21200423,2012-12-27,DAL,10.0,207.5
21200423,2012-12-27,OKC,-10.0,207.5
21200424,2012-12-27,BOS,9.0,189.5
21200424,2012-12-27,LAC,-9.0,189.5
21200425,2012-12-28,ORL,-1.0,182.5
21200425,2012-12-28,WAS,1.0,182.5
21200426,2012-12-28,IND,-8.0,188.0
21200426,2012-12-28,PHX,8.0,188.0
21200427,2012-12-28,BKN,-9.5,195.5
21200427,2012-12-28,CHA,9.5,195.5
21200428,2012-12-28,DET,6.5,189.5
21200428,2012-12-28,MIA,-6.5,189.5
21200429,2012-12-28,ATL,-5.0,189.5
21200429,2012-12-28,CLE,5.0,189.5
21200430,2012-12-28,TOR,3.0,183.5
21200431,2012-12-28,DAL,2.5,210.0
21200431,2012-12-28,DEN,-2.5,210.0
21200432,2012-12-28,HOU,8.0,214.0
21200432,2012-12-28,SAS,-8.0,214.0
21200433,2012-12-28,LAC,-3.0,192.5
21200433,2012-12-28,UTA,3.0,192.5
21200434,2012-12-28,NYK,-3.0,199.0
21200434,2012-12-28,SAC,3.0,199.0
21200435,2012-12-28,LAL,-9.5,206.0
21200435,2012-12-28,POR,9.5,206.0
21200436,2012-12-28,GSW,-6.0,199.5
21200436,2012-12-28,PHI,6.0,199.5
21200437,2012-12-29,CHA,3.0,192.5
21200438,2012-12-29,ATL,-3.5,183.0
21200438,2012-12-29,IND,3.5,183.0
21200439,2012-12-29,ORL,-3.5,188.0
21200439,2012-12-29,TOR,3.5,188.0
21200440,2012-12-29,BKN,-8.0,189.5
21200440,2012-12-29,CLE,8.0,189.5
21200441,2012-12-29,CHI,-10.5,180.5
21200441,2012-12-29,WAS,10.5,180.5
21200442,2012-12-29,DEN,7.0,194.5
21200442,2012-12-29,MEM,-7.0,194.5
21200443,2012-12-29,HOU,4.5,213.5
21200443,2012-12-29,OKC,-4.5,213.5
21200444,2012-12-29,MIN,-8.5,195.5
21200444,2012-12-29,PHX,8.5,195.5
21200445,2012-12-29,MIA,-4.0,198.5
21200445,2012-12-29,MIL,4.0,198.5
21200446,2012-12-29,PHI,3.0,190.0
21200446,2012-12-29,POR,-3.0,190.0
21200447,2012-12-29,BOS,3.0,195.0
21200447,2012-12-29,GSW,-3.0,195.0
21200448,2012-12-30,DET,-2.5,192.0
21200448,2012-12-30,MIL,2.5,192.0
21200449,2012-12-30,DAL,6.0,207.5
21200449,2012-12-30,SAS,-6.0,207.5
21200450,2012-12-30,BOS,-2.0,193.0
21200450,2012-12-30,SAC,2.0,193.0
21200451,2012-12-30,LAC,-10.5,197.0
21200451,2012-12-30,UTA,10.5,197.0
21200452,2012-12-31,IND,1.5,178.5
21200452,2012-12-31,MEM,-1.5,178.5
21200453,2012-12-31,CHA,11.5,188.0
21200453,2012-12-31,CHI,-11.5,188.0
21200454,2012-12-31,MIA,-10.0,194.5
21200454,2012-12-31,ORL,10.0,194.5
21200455,2012-12-31,ATL,5.0,206.5
21200455,2012-12-31,HOU,-5.0,206.5
21200456,2012-12-31,OKC,-12.0,206.5
21200456,2012-12-31,PHX,12.0,206.5
21200457,2012-12-31,BKN,9.0,198.0
21200457,2012-12-31,SAS,-9.0,198.0
21200458,2013-01-01,DAL,-4.0,192.0
21200458,2013-01-01,WAS,4.0,192.0
21200459,2013-01-01,NYK,-9.0,196.5
21200459,2013-01-01,POR,9.0,196.5
21200460,2013-01-01,DET,-6.5,196.0
21200460,2013-01-01,SAC,6.5,196.0
21200461,2013-01-01,ATL,-2.0,185.0
21200462,2013-01-01,DEN,-1.0,207.0
21200462,2013-01-01,LAC,1.0,207.0
21200463,2013-01-01,LAL,-8.5,202.0
21200463,2013-01-01,PHI,8.5,202.0
21200464,2013-01-02,POR,4.0,192.0
21200464,2013-01-02,TOR,-4.0,192.0
21200465,2013-01-02,CHI,-2.5,184.5
21200465,2013-01-02,ORL,2.5,184.5
21200466,2013-01-02,CLE,-3.5,199.0
21200466,2013-01-02,SAC,3.5,199.0
21200467,2013-01-02,IND,-10.5,181.0
21200467,2013-01-02,WAS,10.5,181.0
21200468,2013-01-02,BOS,3.5,179.0
21200468,2013-01-02,MEM,-3.5,179.0
21200469,2013-01-02,DAL,10.5,204.0
21200469,2013-01-02,MIA,-10.5,204.0
21200470,2013-01-02,MIL,5.5,203.0
21200470,2013-01-02,SAS,-5.5,203.0
21200471,2013-01-02,HOU,-10.0,202.5
21200472,2013-01-02,BKN,9.5,197.0
21200472,2013-01-02,OKC,-9.5,197.0
21200473,2013-01-02,MIN,3.5,196.5
21200473,2013-01-02,UTA,-3.5,196.5
21200474,2013-01-02,PHI,4.5,194.5
21200474,2013-01-02,PHX,-4.5,194.5
21200475,2013-01-02,GSW,1.5,200.0
21200475,2013-01-02,LAC,-1.5,200.0
21200476,2013-01-03,NYK,-1.0,208.0
21200476,2013-01-03,SAS,1.0,208.0
21200477,2013-01-03,DEN,-7.5,201.5
21200477,2013-01-03,MIN,7.5,201.5
21200478,2013-01-04,SAC,6.5,197.5
21200478,2013-01-04,TOR,-6.5,197.5
21200479,2013-01-04,BKN,-5.5,183.5
21200479,2013-01-04,WAS,5.5,183.5
21200480,2013-01-04,CHA,-1.5,196.5
21200480,2013-01-04,CLE,1.5,196.5
21200481,2013-01-04,CHI,7.0,189.5
21200481,2013-01-04,MIA,-7.0,189.5
21200482,2013-01-04,ATL,0.0,191.0
21200482,2013-01-04,DET,0.0,191.0
21200483,2013-01-04,BOS,-3.0,180.0
21200483,2013-01-04,IND,3.0,180.0
21200484,2013-01-04,MEM,-8.0,183.0
21200484,2013-01-04,POR,8.0,183.0
21200485,2013-01-04,OKC,-10.5,198.5
21200485,2013-01-04,PHI,10.5,198.5
21200486,2013-01-04,HOU,1.0,213.0
21200486,2013-01-04,MIL,-1.0,213.0
21200487,2013-01-04,PHX,-1.5,197.5
21200487,2013-01-04,UTA,1.5,197.5
21200488,2013-01-04,LAC,-4.5,205.5
21200488,2013-01-04,LAL,4.5,205.5
21200489,2013-01-05,ATL,-5.0,187.5
21200489,2013-01-05,BOS,5.0,187.5
21200490,2013-01-05,NYK,-6.0,195.5
21200490,2013-01-05,ORL,6.0,195.5
21200491,2013-01-05,IND,-4.5,186.5
21200491,2013-01-05,MIL,4.5,186.5
21200492,2013-01-05,BKN,-7.5,196.0
21200492,2013-01-05,SAC,7.5,196.0
21200493,2013-01-05,CLE,6.0,209.5
21200493,2013-01-05,HOU,-6.0,209.5
21200494,2013-01-05,MIN,-7.0,193.0
21200494,2013-01-05,POR,7.0,193.0
21200495,2013-01-05,DAL,-5.5,192.5
21200496,2013-01-05,PHI,13.5,198.0
21200496,2013-01-05,SAS,-13.5,198.0
21200497,2013-01-05,DEN,-10.0,202.0
21200497,2013-01-05,UTA,10.0,202.0
21200498,2013-01-05,GSW,6.0,201.5
21200498,2013-01-05,LAC,-6.0,201.5
21200499,2013-01-06,OKC,-7.0,197.0
21200499,2013-01-06,TOR,7.0,197.0
21200500,2013-01-06,MIA,-14.5,191.0
21200500,2013-01-06,WAS,14.5,191.0
21200501,2013-01-06,CHA,8.5,194.0
21200501,2013-01-06,DET,-8.5,194.0
21200502,2013-01-06,MEM,-4.5,185.0
21200502,2013-01-06,PHX,4.5,185.0
21200503,2013-01-06,DEN,5.0,213.5
21200503,2013-01-06,LAL,-5.0,213.5
21200504,2013-01-07,OKC,-11.0,193.5
21200504,2013-01-07,WAS,11.0,193.5
21200505,2013-01-07,BOS,7.0,192.5
21200505,2013-01-07,NYK,-7.0,192.5
21200506,2013-01-07,CHI,-8.5,186.5
21200506,2013-01-07,CLE,8.5,186.5
21200507,2013-01-07,SAS,-7.5,193.5
21200508,2013-01-07,DAL,5.0,198.5
21200508,2013-01-07,UTA,-5.0,198.5
21200509,2013-01-07,MEM,-4.0,188.0
21200509,2013-01-07,SAC,4.0,188.0
21200510,2013-01-07,ORL,6.5,191.5
21200510,2013-01-07,POR,-6.5,191.5
21200511,2013-01-08,BKN,1.5,187.0
21200511,2013-01-08,PHI,-1.5,187.0
21200512,2013-01-08,IND,2.0,187.0
21200512,2013-01-08,MIA,-2.0,187.0
21200513,2013-01-08,MIL,-6.0,199.0
21200513,2013-01-08,PHX,6.0,199.0
21200514,2013-01-08,HOU,-8.0,222.0
21200514,2013-01-08,LAL,8.0,222.0
21200515,2013-01-08,ATL,1.5,189.5
21200515,2013-01-08,MIN,-1.5,189.5
21200516,2013-01-09,PHI,4.5,189.0
21200516,2013-01-09,TOR,-4.5,189.0
21200517,2013-01-09,CHA,4.5,199.0
21200517,2013-01-09,UTA,-4.5,199.0
21200518,2013-01-09,ATL,-4.0,193.0
21200518,2013-01-09,CLE,4.0,193.0
21200519,2013-01-09,BOS,-8.5,191.5
21200519,2013-01-09,PHX,8.5,191.5
21200520,2013-01-09,CHI,-5.5,189.5
21200520,2013-01-09,MIL,5.5,189.5
21200521,2013-01-09,HOU,-2.5,200.5
21200522,2013-01-09,LAL,13.5,214.0
21200522,2013-01-09,SAS,-13.5,214.0
21200523,2013-01-09,MIN,12.5,201.5
21200523,2013-01-09,OKC,-12.5,201.5
21200524,2013-01-09,DEN,-11.5,204.5
21200524,2013-01-09,ORL,11.5,204.5
21200525,2013-01-09,DAL,10.5,201.0
21200525,2013-01-09,LAC,-10.5,201.0
21200526,2013-01-09,GSW,-1.0,189.5
21200526,2013-01-09,MEM,1.0,189.5
21200527,2013-01-10,IND,-5.0,183.5
21200527,2013-01-10,NYK,5.0,183.5
21200528,2013-01-10,DAL,2.5,205.5
21200528,2013-01-10,SAC,-2.5,205.5
21200529,2013-01-10,MIA,-3.5,195.0
21200529,2013-01-10,POR,3.5,195.0
21200530,2013-01-11,CHA,8.0,197.0
21200530,2013-01-11,TOR,-8.0,197.0
21200531,2013-01-11,BOS,-3.0,201.0
21200531,2013-01-11,HOU,3.0,201.0
21200532,2013-01-11,BKN,-7.5,194.0
21200532,2013-01-11,PHX,7.5,194.0
21200533,2013-01-11,ATL,-5.0,193.5
21200533,2013-01-11,UTA,5.0,193.5
21200534,2013-01-11,CHI,4.5,194.0
21200534,2013-01-11,NYK,-4.5,194.0
21200535,2013-01-11,MEM,-2.0,188.0
21200535,2013-01-11,SAS,2.0,188.0
21200536,2013-01-11,MIN,3.0,184.0
21200537,2013-01-11,DET,5.5,196.5
21200537,2013-01-11,MIL,-5.5,196.5
21200538,2013-01-11,CLE,11.5,205.5
21200538,2013-01-11,DEN,-11.5,205.5
21200539,2013-01-11,LAL,6.5,216.5
21200539,2013-01-11,OKC,-6.5,216.5
21200540,2013-01-11,GSW,-7.5,199.0
21200540,2013-01-11,POR,7.5,199.0
21200541,2013-01-12,LAC,-12.5,199.0
21200541,2013-01-12,ORL,12.5,199.0
21200542,2013-01-12,ATL,-2.5,190.5
21200542,2013-01-12,WAS,2.5,190.5
21200543,2013-01-12,CHA,11.5,186.0
21200543,2013-01-12,IND,-11.5,186.0
21200544,2013-01-12,HOU,0.0,203.0
21200544,2013-01-12,PHI,0.0,203.0
21200545,2013-01-12,DET,-2.0,192.5
21200545,2013-01-12,UTA,2.0,192.5
21200546,2013-01-12,CHI,-8.0,188.0
21200546,2013-01-12,PHX,8.0,188.0
21200547,2013-01-12,DAL,2.0,188.0
21200547,2013-01-12,MEM,-2.0,188.0
21200548,2013-01-12,MIA,-7.0,202.0
21200548,2013-01-12,SAC,7.0,202.0
21200549,2013-01-13,NYK,-7.0,190.5
21200550,2013-01-13,MIL,2.0,192.5
21200550,2013-01-13,TOR,-2.0,192.5
21200551,2013-01-13,BKN,-4.5,180.5
21200551,2013-01-13,IND,4.5,180.5
21200552,2013-01-13,MIN,12.5,199.0
21200552,2013-01-13,SAS,-12.5,199.0
21200553,2013-01-13,DEN,-6.0,209.0
21200553,2013-01-13,GSW,6.0,209.0
21200554,2013-01-13,OKC,-5.0,201.5
21200554,2013-01-13,POR,5.0,201.5
21200555,2013-01-13,CLE,7.5,211.0
21200555,2013-01-13,LAL,-7.5,211.0
21200556,2013-01-14,ORL,2.0,193.5
21200556,2013-01-14,WAS,-2.0,193.5
21200557,2013-01-14,BOS,-11.0,191.0
21200557,2013-01-14,CHA,11.0,191.0
21200558,2013-01-14,ATL,4.5,183.5
21200558,2013-01-14,CHI,-4.5,183.5
21200559,2013-01-14,LAC,2.5,180.0
21200559,2013-01-14,MEM,-2.5,180.0
21200560,2013-01-14,DAL,-7.0,196.0
21200560,2013-01-14,MIN,7.0,196.0
21200561,2013-01-14,MIA,-2.5,196.5
21200561,2013-01-14,UTA,2.5,196.5
21200562,2013-01-14,OKC,-5.5,200.5
21200562,2013-01-14,PHX,5.5,200.5
21200563,2013-01-14,CLE,5.5,205.5
21200563,2013-01-14,SAC,-5.5,205.5
21200564,2013-01-15,PHI,-3.0,184.0
21200565,2013-01-15,CHA,8.0,185.5
21200565,2013-01-15,IND,-8.0,185.5
21200566,2013-01-15,BKN,-6.5,190.5
21200566,2013-01-15,TOR,6.5,190.5
21200567,2013-01-15,HOU,-3.0,206.5
21200567,2013-01-15,LAC,3.0,206.5
21200568,2013-01-15,DEN,-9.0,203.0
21200568,2013-01-15,POR,9.0,203.0
21200569,2013-01-15,LAL,-7.0,212.0
21200569,2013-01-15,MIL,7.0,212.0
21200570,2013-01-16,CHI,-4.0,183.5
21200570,2013-01-16,TOR,4.0,183.5
21200571,2013-01-16,IND,-1.5,187.0
21200571,2013-01-16,ORL,1.5,187.0
21200572,2013-01-16,ATL,-4.0,187.5
21200572,2013-01-16,BKN,4.0,187.5
21200573,2013-01-16,BOS,-8.0,183.5
21200574,2013-01-16,DEN,8.5,209.0
21200574,2013-01-16,OKC,-8.5,209.0
21200575,2013-01-16,DAL,-4.5,213.5
21200575,2013-01-16,HOU,4.5,213.5
21200576,2013-01-16,MEM,5.5,187.0
21200576,2013-01-16,SAS,-5.5,187.0
21200577,2013-01-16,SAC,-4.0,205.0
21200577,2013-01-16,WAS,4.0,205.0
21200578,2013-01-16,CLE,6.5,197.0
21200578,2013-01-16,POR,-6.5,197.0
21200579,2013-01-16,GSW,2.5,202.0
21200579,2013-01-16,MIA,-2.5,202.0
21200580,2013-01-17,DET,5.5,196.5
21200580,2013-01-17,NYK,-5.5,196.5
21200581,2013-01-17,LAC,-5.0,193.5
21200581,2013-01-17,MIN,5.0,193.5
21200582,2013-01-17,MIL,0.0,197.0
21200582,2013-01-17,PHX,0.0,197.0
21200583,2013-01-17,LAL,-2.5,206.5
21200583,2013-01-17,MIA,2.5,206.5
21200584,2013-01-18,BOS,-2.5,182.0
21200584,2013-01-18,CHI,2.5,182.0
21200585,2013-01-18,PHI,-4.0,190.0
21200585,2013-01-18,TOR,4.0,190.0
21200586,2013-01-18,CHA,7.0,198.0
21200586,2013-01-18,ORL,-7.0,198.0
21200587,2013-01-18,HOU,5.0,195.5
21200587,2013-01-18,IND,-5.0,195.5
21200588,2013-01-18,ATL,6.0,191.0
21200588,2013-01-18,BKN,-6.0,191.0
21200589,2013-01-18,MEM,-9.5,190.5
21200589,2013-01-18,SAC,9.5,190.5
21200590,2013-01-18,GSW,11.5,201.5
21200590,2013-01-18,SAS,-11.5,201.5
21200591,2013-01-18,DEN,-10.0,203.5
21200591,2013-01-18,WAS,10.0,203.5
21200592,2013-01-18,DAL,5.0,205.0
21200592,2013-01-18,OKC,-5.0,205.0
21200593,2013-01-19,CHA,2.5,203.5
21200593,2013-01-19,SAC,-2.5,203.5
21200594,2013-01-19,ATL,4.5,195.5
21200594,2013-01-19,SAS,-4.5,195.5
21200595,2013-01-19,CHI,2.5,176.0
21200595,2013-01-19,MEM,-2.5,176.0
21200596,2013-01-19,GSW,5.0,188.0
21200597,2013-01-19,HOU,-4.0,202.5
21200597,2013-01-19,MIN,4.0,202.5
21200598,2013-01-19,CLE,9.0,198.5
21200598,2013-01-19,UTA,-9.0,198.5
21200599,2013-01-19,MIL,4.0,195.5
21200599,2013-01-19,POR,-4.0,195.5
21200600,2013-01-19,LAC,-12.5,196.0
21200600,2013-01-19,WAS,12.5,196.0
21200601,2013-01-20,LAL,-4.5,203.5
21200601,2013-01-20,TOR,4.5,203.5
21200602,2013-01-20,DAL,-3.5,201.0
21200602,2013-01-20,ORL,3.5,201.0
21200603,2013-01-20,BOS,-1.5,185.0
21200603,2013-01-20,DET,1.5,185.0
21200604,2013-01-20,DEN,1.0,209.0
21200604,2013-01-20,OKC,-1.0,209.0
21200605,2013-01-21,IND,6.0,171.0
21200605,2013-01-21,MEM,-6.0,171.0
21200606,2013-01-21,SAC,6.5,191.0
21200607,2013-01-21,CHA,7.0,208.0
21200607,2013-01-21,HOU,-7.0,208.0
21200608,2013-01-21,ATL,-8.0,185.5
21200608,2013-01-21,MIN,8.0,185.5
21200609,2013-01-21,BKN,3.0,193.5
21200609,2013-01-21,NYK,-3.0,193.5
21200610,2013-01-21,GSW,3.5,198.5
21200610,2013-01-21,LAC,-3.5,198.5
21200611,2013-01-21,PHI,6.0,194.5
21200611,2013-01-21,SAS,-6.0,194.5
21200612,2013-01-21,CHI,-1.0,194.5
21200612,2013-01-21,LAL,1.0,194.5
21200613,2013-01-21,POR,-6.5,193.5
21200613,2013-01-21,WAS,6.5,193.5
21200614,2013-01-22,BOS,-4.5,191.0
21200614,2013-01-22,CLE,4.5,191.0
21200615,2013-01-22,DET,-4.5,194.5
21200615,2013-01-22,ORL,4.5,194.5
21200616,2013-01-22,MIL,-6.5,196.5
21200616,2013-01-22,PHI,6.5,196.5
21200617,2013-01-22,LAC,2.0,201.0
21200617,2013-01-22,OKC,-2.0,201.0
21200618,2013-01-23,ATL,-4.5,192.0
21200618,2013-01-23,CHA,4.5,192.0
21200619,2013-01-23,MIA,-10.5,196.0
21200619,2013-01-23,TOR,10.5,196.0
21200620,2013-01-23,CHI,-6.0,182.0
21200620,2013-01-23,DET,6.0,182.0
21200621,2013-01-23,LAL,4.0,189.0
21200621,2013-01-23,MEM,-4.0,189.0
21200622,2013-01-23,DEN,2.0,217.0
21200622,2013-01-23,HOU,-2.0,217.0
21200623,2013-01-23,BKN,-5.5,185.5
21200623,2013-01-23,MIN,5.5,185.5
21200624,2013-01-23,SAS,-8.5,195.0
21200625,2013-01-23,UTA,-7.0,194.5
21200625,2013-01-23,WAS,7.0,194.5
21200626,2013-01-23,PHX,3.0,202.5
21200626,2013-01-23,SAC,-3.0,202.5
21200627,2013-01-23,IND,1.0,181.5
21200627,2013-01-23,POR,-1.0,181.5
21200628,2013-01-23,GSW,1.5,207.5
21200628,2013-01-23,OKC,-1.5,207.5
21200629,2013-01-24,ORL,-4.0,198.0
21200629,2013-01-24,TOR,4.0,198.0
21200630,2013-01-24,BOS,1.0,189.5
21200630,2013-01-24,NYK,-1.0,189.5
21200631,2013-01-24,LAC,-6.5,191.5
21200631,2013-01-24,PHX,6.5,191.5
21200632,2013-01-25,MIN,6.0,187.0
21200632,2013-01-25,WAS,-6.0,187.0
21200633,2013-01-25,ATL,-5.5,185.5
21200633,2013-01-25,BOS,5.5,185.5
21200634,2013-01-25,DET,10.0,194.0
21200634,2013-01-25,MIA,-10.0,194.0
21200635,2013-01-25,CLE,4.0,200.0
21200635,2013-01-25,MIL,-4.0,200.0
21200636,2013-01-25,CHI,-2.5,189.5
21200636,2013-01-25,GSW,2.5,189.5
21200637,2013-01-25,BKN,4.0,178.5
21200637,2013-01-25,MEM,-4.0,178.5
21200638,2013-01-25,HOU,2.5,200.0
21200639,2013-01-25,DAL,1.0,205.5
21200639,2013-01-25,SAS,-1.0,205.5
21200640,2013-01-25,OKC,-9.0,209.0
21200640,2013-01-25,SAC,9.0,209.0
21200641,2013-01-25,LAL,-5.0,206.0
21200641,2013-01-25,UTA,5.0,206.0
21200642,2013-01-26,CLE,7.0,197.5
21200642,2013-01-26,TOR,-7.0,197.5
21200643,2013-01-26,NYK,-3.5,192.0
21200643,2013-01-26,PHI,3.5,192.0
21200644,2013-01-26,CHI,-1.0,184.5
21200644,2013-01-26,WAS,1.0,184.5
21200645,2013-01-26,CHA,-3.0,193.5
21200645,2013-01-26,MIN,3.0,193.5
21200646,2013-01-26,BKN,3.0,201.0
21200646,2013-01-26,HOU,-3.0,201.0
21200647,2013-01-26,GSW,2.5,208.5
21200647,2013-01-26,MIL,-2.5,208.5
21200648,2013-01-26,PHX,9.0,200.0
21200648,2013-01-26,SAS,-9.0,200.0
21200649,2013-01-26,DEN,-13.0,212.0
21200649,2013-01-26,SAC,13.0,212.0
21200650,2013-01-26,IND,2.0,183.5
21200650,2013-01-26,UTA,-2.0,183.5
21200651,2013-01-26,LAC,0.0,192.0
21200651,2013-01-26,POR,0.0,192.0
21200652,2013-01-27,BOS,3.5,188.0
21200652,2013-01-27,MIA,-3.5,188.0
21200653,2013-01-27,LAL,3.5,208.0
21200653,2013-01-27,OKC,-3.5,208.0
21200654,2013-01-27,DET,2.0,195.0
21200654,2013-01-27,ORL,-2.0,195.0
21200655,2013-01-27,MEM,-7.5,177.5
21200656,2013-01-27,ATL,5.5,194.0
21200656,2013-01-27,NYK,-5.5,194.0
21200657,2013-01-27,DAL,-7.5,202.5
21200657,2013-01-27,PHX,7.5,202.5
21200658,2013-01-27,LAC,-8.5,191.5
21200658,2013-01-27,POR,8.5,191.5
21200659,2013-01-28,GSW,-2.0,201.5
21200659,2013-01-28,TOR,2.0,201.5
21200660,2013-01-28,MEM,-2.0,177.5
21200660,2013-01-28,PHI,2.0,177.5
21200661,2013-01-28,SAC,7.5,202.5
21200661,2013-01-28,WAS,-7.5,202.5
21200662,2013-01-28,BKN,-9.5,195.0
21200662,2013-01-28,ORL,9.5,195.0
21200663,2013-01-28,CHA,12.5,186.0
21200663,2013-01-28,CHI,-12.5,186.0
21200664,2013-01-28,DEN,-5.5,194.5
21200664,2013-01-28,IND,5.5,194.5
21200665,2013-01-28,HOU,3.5,207.0
21200665,2013-01-28,UTA,-3.5,207.0
21200666,2013-01-29,CLE,0.0,203.0
21200666,2013-01-29,GSW,0.0,203.0
21200667,2013-01-29,DET,1.0,201.5
21200667,2013-01-29,MIL,-1.0,201.5
21200668,2013-01-29,DAL,2.5,202.0
21200668,2013-01-29,POR,-2.5,202.0
21200669,2013-01-29,LAL,-7.5,195.5
21200670,2013-01-30,PHI,-3.5,189.5
21200670,2013-01-30,WAS,3.5,189.5
21200671,2013-01-30,DET,8.5,181.5
21200671,2013-01-30,IND,-8.5,181.5
21200672,2013-01-30,BOS,-7.5,193.0
21200672,2013-01-30,SAC,7.5,193.0
21200673,2013-01-30,NYK,-9.5,198.0
21200673,2013-01-30,ORL,9.5,198.0
21200674,2013-01-30,ATL,-7.0,197.0
21200674,2013-01-30,TOR,7.0,197.0
21200675,2013-01-30,BKN,2.5,190.0
21200675,2013-01-30,MIA,-2.5,190.0
21200676,2013-01-30,CHI,0.0,191.5
21200676,2013-01-30,MIL,0.0,191.5
21200677,2013-01-30,LAC,-4.5,189.5
21200677,2013-01-30,MIN,4.5,189.5
21200678,2013-01-30,CHA,15.0,203.0
21200678,2013-01-30,SAS,-15.0,203.0
21200679,2013-01-30,DEN,-4.5,216.5
21200679,2013-01-30,HOU,4.5,216.5
21200680,2013-01-30,UTA,-7.5,189.0
21200681,2013-01-30,LAL,-2.5,203.5
21200681,2013-01-30,PHX,2.5,203.5
21200682,2013-01-31,MEM,10.0,190.5
21200682,2013-01-31,OKC,-10.0,190.5
21200683,2013-01-31,DAL,3.5,204.5
21200683,2013-01-31,GSW,-3.5,204.5
21200684,2013-02-01,LAC,-4.0,193.0
21200684,2013-02-01,TOR,4.0,193.0
21200685,2013-02-01,IND,2.0,184.0
21200685,2013-02-01,MIA,-2.0,184.0
21200686,2013-02-01,BOS,-9.0,190.0
21200686,2013-02-01,ORL,9.0,190.0
21200687,2013-02-01,BKN,-4.0,181.5
21200687,2013-02-01,CHI,4.0,181.5
21200688,2013-02-01,MIL,5.0,204.5
21200688,2013-02-01,NYK,-5.0,204.5
21200689,2013-02-01,PHI,-6.5,197.5
21200689,2013-02-01,SAC,6.5,197.5
21200690,2013-02-01,CLE,5.0,198.0
21200690,2013-02-01,DET,-5.0,198.0
21200691,2013-02-01,MEM,-6.5,180.5
21200691,2013-02-01,WAS,6.5,180.5
21200692,2013-02-01,DEN,-7.0,203.5
21200693,2013-02-01,POR,5.5,195.5
21200693,2013-02-01,UTA,-5.5,195.5
21200694,2013-02-01,DAL,3.0,200.0
21200694,2013-02-01,PHX,-3.0,200.0
21200695,2013-02-01,LAL,-2.5,200.0
21200695,2013-02-01,MIN,2.5,200.0
21200696,2013-02-02,ATL,-7.0,182.0
21200696,2013-02-02,CHI,7.0,182.0
21200697,2013-02-02,NYK,-11.5,203.5
21200697,2013-02-02,SAC,11.5,203.5
21200698,2013-02-02,CLE,10.5,205.5
21200698,2013-02-02,OKC,-10.5,205.5
21200699,2013-02-02,CHA,12.5,208.5
21200699,2013-02-02,HOU,-12.5,208.5
21200700,2013-02-02,MIN,-4.0,187.5
21200701,2013-02-02,MIL,-10.0,201.0
21200701,2013-02-02,ORL,10.0,201.0
21200702,2013-02-02,SAS,-13.0,193.5
21200702,2013-02-02,WAS,13.0,193.5
21200703,2013-02-02,POR,-4.5,193.0
21200703,2013-02-02,UTA,4.5,193.0
21200704,2013-02-02,GSW,-10.0,203.5
21200704,2013-02-02,PHX,10.0,203.5
21200705,2013-02-03,BOS,0.0,184.5
21200705,2013-02-03,LAC,0.0,184.5
21200706,2013-02-03,DET,2.0,201.5
21200706,2013-02-03,LAL,-2.0,201.5
21200707,2013-02-03,MIA,-4.5,194.5
21200707,2013-02-03,TOR,4.5,194.5
21200708,2013-02-04,ORL,9.5,189.0
21200708,2013-02-04,PHI,-9.5,189.0
21200709,2013-02-04,LAC,-3.0,187.5
21200709,2013-02-04,WAS,3.0,187.5
21200710,2013-02-04,DET,10.5,198.0
21200710,2013-02-04,NYK,-10.5,198.0
21200711,2013-02-04,CHA,13.5,198.5
21200711,2013-02-04,MIA,-13.5,198.5
21200712,2013-02-04,DAL,8.5,209.0
21200712,2013-02-04,OKC,-8.5,209.0
21200713,2013-02-04,MIN,-3.0,193.5
21200713,2013-02-04,POR,3.0,193.5
21200714,2013-02-04,SAC,8.5,199.5
21200714,2013-02-04,UTA,-8.5,199.5
21200715,2013-02-05,ATL,6.0,183.0
21200715,2013-02-05,IND,-6.0,183.0
21200716,2013-02-05,BKN,-4.0,197.5
21200716,2013-02-05,LAL,4.0,197.5
21200717,2013-02-05,MEM,-8.5,183.0
21200717,2013-02-05,PHX,8.5,183.0
21200718,2013-02-05,GSW,3.0,216.5
21200718,2013-02-05,HOU,-3.0,216.5
21200719,2013-02-05,DEN,-7.0,214.5
21200719,2013-02-05,MIL,7.0,214.5
21200720,2013-02-06,BOS,3.0,188.5
21200720,2013-02-06,TOR,-3.0,188.5
21200721,2013-02-06,IND,2.5,182.0
21200721,2013-02-06,PHI,-2.5,182.0
21200722,2013-02-06,NYK,-4.0,191.0
21200722,2013-02-06,WAS,4.0,191.0
21200723,2013-02-06,LAC,-5.5,185.0
21200723,2013-02-06,ORL,5.5,185.0
21200724,2013-02-06,CHA,6.0,204.5
21200724,2013-02-06,CLE,-6.0,204.5
21200725,2013-02-06,ATL,2.0,182.5
21200725,2013-02-06,MEM,-2.0,182.5
21200726,2013-02-06,HOU,7.5,207.5
21200726,2013-02-06,MIA,-7.5,207.5
21200727,2013-02-06,BKN,2.0,189.5
21200727,2013-02-06,DET,-2.0,189.5
21200728,2013-02-06,PHX,6.5,194.5
21200729,2013-02-06,GSW,11.0,213.0
21200729,2013-02-06,OKC,-11.0,213.0
21200730,2013-02-06,DAL,-5.0,201.0
21200730,2013-02-06,POR,5.0,201.0
21200731,2013-02-06,MIN,5.0,198.5
21200731,2013-02-06,SAS,-5.0,198.5
21200732,2013-02-06,MIL,5.5,200.5
21200732,2013-02-06,UTA,-5.5,200.5
21200733,2013-02-07,BOS,-2.0,194.5
21200733,2013-02-07,LAL,2.0,194.5
21200734,2013-02-07,CHI,6.0,196.5
21200734,2013-02-07,DEN,-6.0,196.5
21200735,2013-02-08,BKN,1.0,187.0
21200735,2013-02-08,WAS,-1.0,187.0
21200736,2013-02-08,CHA,6.5,204.0
21200736,2013-02-08,LAL,-6.5,204.0
21200737,2013-02-08,IND,-7.5,189.0
21200737,2013-02-08,TOR,7.5,189.0
21200738,2013-02-08,ATL,-4.5,194.0
21200739,2013-02-08,DET,5.0,197.0
21200739,2013-02-08,SAS,-5.0,197.0
21200740,2013-02-08,CLE,-7.0,197.0
21200740,2013-02-08,ORL,7.0,197.0
21200741,2013-02-08,LAC,5.0,193.5
21200741,2013-02-08,MIA,-5.0,193.5
21200742,2013-02-08,GSW,3.5,191.5
21200742,2013-02-08,MEM,-3.5,191.5
21200743,2013-02-08,HOU,-7.5,211.5
21200743,2013-02-08,POR,7.5,211.5
21200744,2013-02-08,OKC,-12.5,206.0
21200744,2013-02-08,PHX,12.5,206.0
21200745,2013-02-08,MIN,6.0,196.5
21200745,2013-02-08,NYK,-6.0,196.5
21200746,2013-02-08,CHI,4.0,185.0
21200746,2013-02-08,UTA,-4.0,185.0
21200747,2013-02-09,CLE,6.0,215.0
21200747,2013-02-09,DEN,-6.0,215.0
21200748,2013-02-09,CHA,9.5,187.0
21200748,2013-02-09,PHI,-9.5,187.0
21200749,2013-02-09,DET,7.0,205.0
21200749,2013-02-09,MIL,-7.0,205.0
21200750,2013-02-09,DAL,-6.0,210.5
21200750,2013-02-09,GSW,6.0,210.5
21200751,2013-02-09,SAC,-1.5,196.0
21200751,2013-02-09,UTA,1.5,196.0
21200752,2013-02-10,LAC,3.5,192.0
21200752,2013-02-10,NYK,-3.5,192.0
21200753,2013-02-10,LAL,9.0,204.0
21200753,2013-02-10,MIA,-9.0,204.0
21200754,2013-02-10,BOS,-2.0,202.0
21200754,2013-02-10,DEN,2.0,202.0
21200755,2013-02-10,TOR,-4.0,193.0
21200756,2013-02-10,ORL,3.0,196.5
21200756,2013-02-10,POR,-3.0,196.5
21200757,2013-02-10,MEM,-9.0,184.5
21200757,2013-02-10,MIN,9.0,184.5
21200758,2013-02-10,BKN,2.0,194.5
21200758,2013-02-10,SAS,-2.0,194.5
21200759,2013-02-10,OKC,-9.0,204.5
21200759,2013-02-10,PHX,9.0,204.5
21200760,2013-02-10,HOU,-5.5,218.0
21200760,2013-02-10,SAC,5.5,218.0
21200761,2013-02-11,LAC,-5.0,185.5
21200761,2013-02-11,PHI,5.0,185.5
21200762,2013-02-11,BOS,-3.5,192.5
21200762,2013-02-11,CHA,3.5,192.5
21200763,2013-02-11,CLE,-6.5,205.0
21200763,2013-02-11,MIN,6.5,205.0
21200764,2013-02-11,BKN,8.0,182.5
21200764,2013-02-11,IND,-8.0,182.5
21200765,2013-02-11,DET,-4.5,194.5
21200766,2013-02-11,CHI,-2.0,190.0
21200766,2013-02-11,SAS,2.0,190.0
21200767,2013-02-11,MIL,-4.5,196.5
21200767,2013-02-11,WAS,4.5,196.5
21200768,2013-02-11,ATL,4.5,203.0
21200768,2013-02-11,DAL,-4.5,203.0
21200769,2013-02-12,DEN,0.0,206.5
21200769,2013-02-12,TOR,0.0,206.5
21200770,2013-02-12,MIA,-11.5,199.0
21200770,2013-02-12,POR,11.5,199.0
21200771,2013-02-12,MEM,-9.5,190.5
21200771,2013-02-12,SAC,9.5,190.5
21200772,2013-02-12,OKC,-5.5,200.5
21200772,2013-02-12,UTA,5.5,200.5
21200773,2013-02-12,LAL,-9.0,201.5
21200773,2013-02-12,PHX,9.0,201.5
21200774,2013-02-12,GSW,-4.5,219.0
21200774,2013-02-12,HOU,4.5,219.0
21200775,2013-02-13,ATL,-3.0,198.5
21200775,2013-02-13,ORL,3.0,198.5
21200776,2013-02-13,CLE,6.0,206.0
21200776,2013-02-13,SAS,-6.0,206.0
21200777,2013-02-13,CHA,11.0,185.0
21200777,2013-02-13,IND,-11.0,185.0
21200778,2013-02-13,BOS,-2.0,182.0
21200778,2013-02-13,CHI,2.0,182.0
21200779,2013-02-13,BKN,-2.5,198.0
21200779,2013-02-13,DEN,2.5,198.0
21200780,2013-02-13,NYK,-8.5,197.0
21200780,2013-02-13,TOR,8.5,197.0
21200781,2013-02-13,DET,-2.0,190.0
21200781,2013-02-13,WAS,2.0,190.0
21200782,2013-02-13,MIL,-5.5,194.5
21200782,2013-02-13,PHI,5.5,194.5
21200783,2013-02-13,POR,5.0,193.5
21200784,2013-02-13,MIN,-2.0,193.0
21200784,2013-02-13,UTA,2.0,193.0
21200785,2013-02-13,DAL,-10.0,211.0
21200785,2013-02-13,SAC,10.0,211.0
21200786,2013-02-13,HOU,10.5,208.0
21200786,2013-02-13,LAC,-10.5,208.0
21200787,2013-02-14,MIA,5.0,204.5
21200787,2013-02-14,OKC,-5.0,204.5
21200788,2013-02-14,LAC,-3.0,199.0
21200788,2013-02-14,LAL,3.0,199.0
21200789,2013-02-19,TOR,3.0,189.5
21200789,2013-02-19,WAS,-3.0,189.5
21200790,2013-02-19,CHA,5.0,197.5
21200790,2013-02-19,ORL,-5.0,197.5
21200791,2013-02-19,BKN,-4.5,194.5
21200791,2013-02-19,MIL,4.5,194.5
21200792,2013-02-19,DET,2.5,187.0
21200792,2013-02-19,MEM,-2.5,187.0
21200793,2013-02-19,CHI,-1.5,181.5
21200794,2013-02-19,BOS,8.5,202.5
21200794,2013-02-19,DEN,-8.5,202.5
21200795,2013-02-19,GSW,3.5,203.5
21200795,2013-02-19,UTA,-3.5,203.5
21200796,2013-02-19,SAC,9.0,209.0
21200796,2013-02-19,SAS,-9.0,209.0
21200797,2013-02-19,PHX,6.5,195.5
21200797,2013-02-19,POR,-6.5,195.5
21200798,2013-02-20,MEM,0.0,186.0
21200798,2013-02-20,TOR,0.0,186.0
21200799,2013-02-20,CHA,3.5,196.0
21200799,2013-02-20,DET,-3.5,196.0
21200800,2013-02-20,CLE,-3.0,196.5
21200801,2013-02-20,IND,-3.5,185.0
21200801,2013-02-20,NYK,3.5,185.0
21200802,2013-02-20,ATL,5.5,194.5
21200802,2013-02-20,MIA,-5.5,194.5
21200803,2013-02-20,BKN,3.5,194.0
21200803,2013-02-20,MIL,-3.5,194.0
21200804,2013-02-20,HOU,2.5,220.5
21200804,2013-02-20,OKC,-2.5,220.5
21200805,2013-02-20,MIN,-3.0,186.5
21200805,2013-02-20,PHI,3.0,186.5
21200806,2013-02-20,DAL,-11.0,206.0
21200806,2013-02-20,ORL,11.0,206.0
21200807,2013-02-20,BOS,7.0,195.5
21200807,2013-02-20,LAL,-7.0,195.5
21200808,2013-02-20,GSW,-8.0,205.0
21200808,2013-02-20,PHX,8.0,205.0
21200809,2013-02-21,CHI,3.0,186.0
21200809,2013-02-21,MIA,-3.0,186.0
21200810,2013-02-21,LAC,-3.0,200.5
21200810,2013-02-21,SAS,3.0,200.5
21200811,2013-02-22,NYK,-1.5,194.0
21200811,2013-02-22,TOR,1.5,194.0
21200812,2013-02-22,DEN,-3.0,203.0
21200812,2013-02-22,WAS,3.0,203.0
21200813,2013-02-22,CHA,6.5,185.0
21200813,2013-02-22,CHI,-6.5,185.0
21200814,2013-02-22,DET,9.5,189.5
21200814,2013-02-22,IND,-9.5,189.5
21200815,2013-02-22,BKN,0.0,207.0
21200815,2013-02-22,HOU,0.0,207.0
21200816,2013-02-22,ATL,-8.0,204.5
21200816,2013-02-22,SAC,8.0,204.5
21200817,2013-02-22,MEM,-14.0,186.0
21200817,2013-02-22,ORL,14.0,186.0
21200818,2013-02-22,DAL,-1.0,199.5
21200819,2013-02-22,MIN,14.0,205.0
21200819,2013-02-22,OKC,-14.0,205.0
21200820,2013-02-22,BOS,-2.0,188.0
21200820,2013-02-22,PHX,2.0,188.0
21200821,2013-02-22,LAL,-9.5,203.0
21200821,2013-02-22,POR,9.5,203.0
21200822,2013-02-22,GSW,3.0,209.5
21200822,2013-02-22,SAS,-3.0,209.5
21200823,2013-02-23,HOU,-1.5,210.0
21200823,2013-02-23,WAS,1.5,210.0
21200824,2013-02-23,CHA,9.5,209.5
21200824,2013-02-23,DEN,-9.5,209.5
21200825,2013-02-23,CLE,-5.5,201.0
21200825,2013-02-23,ORL,5.5,201.0
21200826,2013-02-23,MIA,-8.0,185.0
21200826,2013-02-23,PHI,8.0,185.0
21200827,2013-02-23,DET,4.5,188.5
21200827,2013-02-23,IND,-4.5,188.5
21200828,2013-02-23,ATL,4.5,204.0
21200828,2013-02-23,MIL,-4.5,204.0
21200829,2013-02-23,LAC,-9.0,198.0
21200829,2013-02-23,UTA,9.0,198.0
21200830,2013-02-24,DAL,-2.5,210.0
21200830,2013-02-24,LAL,2.5,210.0
21200831,2013-02-24,BKN,3.0,180.5
21200831,2013-02-24,MEM,-3.0,180.5
21200832,2013-02-24,GSW,-1.5,205.0
21200832,2013-02-24,MIN,1.5,205.0
21200833,2013-02-24,CLE,12.5,205.5
21200833,2013-02-24,MIA,-12.5,205.5
21200834,2013-02-24,SAC,7.0,203.5
21200835,2013-02-24,NYK,-10.5,189.0
21200835,2013-02-24,PHI,10.5,189.0
21200836,2013-02-24,PHX,9.0,199.0
21200836,2013-02-24,SAS,-9.0,199.0
21200837,2013-02-24,BOS,2.0,192.0
21200837,2013-02-24,POR,-2.0,192.0
21200838,2013-02-24,CHI,9.0,195.5
21200838,2013-02-24,OKC,-9.0,195.5
21200839,2013-02-25,TOR,-5.5,191.5
21200839,2013-02-25,WAS,5.5,191.5
21200840,2013-02-25,ATL,-3.5,195.5
21200840,2013-02-25,DET,3.5,195.5
21200841,2013-02-25,DEN,-7.0,218.0
21200841,2013-02-25,LAL,7.0,218.0
21200842,2013-02-25,BOS,7.0,190.5
21200842,2013-02-25,UTA,-7.0,190.5
21200843,2013-02-26,ORL,9.0,188.5
21200843,2013-02-26,PHI,-9.0,188.5
21200844,2013-02-26,GSW,8.0,197.5
21200844,2013-02-26,IND,-8.0,197.5
21200845,2013-02-26,MIA,-15.0,210.5
21200845,2013-02-26,SAC,15.0,210.5
21200846,2013-02-26,CHI,-8.5,188.5
21200846,2013-02-26,CLE,8.5,188.5
21200847,2013-02-26,BKN,2.5,185.0
21200848,2013-02-26,DAL,-5.0,211.0
21200848,2013-02-26,MIL,5.0,211.0
21200849,2013-02-26,MIN,1.5,195.5
21200849,2013-02-26,PHX,-1.5,195.5
21200850,2013-02-26,CHA,16.0,198.5
21200850,2013-02-26,LAC,-16.0,198.5
21200851,2013-02-27,ORL,-1.0,207.0
21200851,2013-02-27,SAC,1.0,207.0
21200852,2013-02-27,CLE,4.0,197.0
21200852,2013-02-27,TOR,-4.0,197.0
21200853,2013-02-27,GSW,7.5,205.0
21200853,2013-02-27,NYK,-7.5,205.0
21200854,2013-02-27,DET,6.5,191.0
21200854,2013-02-27,WAS,-6.5,191.0
21200855,2013-02-27,DAL,7.5,188.5
21200855,2013-02-27,MEM,-7.5,188.5
21200856,2013-02-27,HOU,-8.0,219.5
21200856,2013-02-27,MIL,8.0,219.5
21200857,2013-02-27,OKC,-15.0,204.5
21200858,2013-02-27,PHX,15.5,198.0
21200858,2013-02-27,SAS,-15.5,198.0
21200859,2013-02-27,ATL,3.5,198.0
21200859,2013-02-27,UTA,-3.5,198.0
21200860,2013-02-27,DEN,-2.5,209.5
21200860,2013-02-27,POR,2.5,209.5
21200861,2013-02-28,IND,-1.0,192.5
21200861,2013-02-28,LAC,1.0,192.5
21200862,2013-02-28,CHI,-7.5,178.0
21200862,2013-02-28,PHI,7.5,178.0
21200863,2013-02-28,LAL,-10.0,205.0
21200863,2013-02-28,MIN,10.0,205.0
21200864,2013-03-01,IND,-2.0,185.5
21200864,2013-03-01,TOR,2.0,185.5
21200865,2013-03-01,NYK,-2.5,194.0
21200865,2013-03-01,WAS,2.5,194.0
21200866,2013-03-01,HOU,-8.0,213.0
21200866,2013-03-01,ORL,8.0,213.0
21200867,2013-03-01,BOS,-4.0,198.0
21200867,2013-03-01,GSW,4.0,198.0
21200868,2013-03-01,MEM,7.5,186.5
21200868,2013-03-01,MIA,-7.5,186.5
21200869,2013-03-01,CLE,7.5,198.5
21200869,2013-03-01,LAC,-7.5,198.5
21200870,2013-03-01,BKN,-3.0,194.5
21200870,2013-03-01,DAL,3.0,194.5
21200871,2013-03-01,DET,3.5,195.0
21200872,2013-03-01,SAC,14.5,215.0
21200872,2013-03-01,SAS,-14.5,215.0
21200873,2013-03-01,CHA,9.5,194.5
21200873,2013-03-01,UTA,-9.5,194.5
21200874,2013-03-01,ATL,-4.0,194.5
21200874,2013-03-01,PHX,4.0,194.5
21200875,2013-03-01,DEN,1.5,218.0
21200875,2013-03-01,OKC,-1.5,218.0
21200876,2013-03-02,GSW,0.0,196.0
21200876,2013-03-02,PHI,0.0,196.0
21200877,2013-03-02,BKN,5.0,177.5
21200877,2013-03-02,CHI,-5.0,177.5
21200878,2013-03-02,MIL,-6.5,200.5
21200878,2013-03-02,TOR,6.5,200.5
21200879,2013-03-02,MIN,8.0,198.0
21200879,2013-03-02,POR,-8.0,198.0
21200880,2013-03-03,MIA,-4.5,196.0
21200880,2013-03-03,NYK,4.5,196.0
21200881,2013-03-03,LAC,-2.5,205.0
21200881,2013-03-03,OKC,2.5,205.0
21200882,2013-03-03,PHI,5.5,186.0
21200882,2013-03-03,WAS,-5.5,186.0
21200883,2013-03-03,MEM,-9.0,185.5
21200883,2013-03-03,ORL,9.0,185.5
21200884,2013-03-03,CHA,8.0,206.5
21200884,2013-03-03,SAC,-8.0,206.5
21200885,2013-03-03,DAL,5.5,219.0
21200885,2013-03-03,HOU,-5.5,219.0
21200886,2013-03-03,DET,13.0,200.0
21200886,2013-03-03,SAS,-13.0,200.0
21200887,2013-03-03,CHI,7.5,179.0
21200887,2013-03-03,IND,-7.5,179.0
21200888,2013-03-03,ATL,5.5,206.5
21200888,2013-03-03,LAL,-5.5,206.5
21200889,2013-03-04,CLE,3.0,202.5
21200889,2013-03-04,NYK,-3.0,202.5
21200890,2013-03-04,MIL,-4.5,201.5
21200890,2013-03-04,UTA,4.5,201.5
21200891,2013-03-04,ORL,9.0,196.5
21200892,2013-03-04,MIA,-10.0,196.5
21200892,2013-03-04,MIN,10.0,196.5
21200893,2013-03-04,ATL,9.5,212.0
21200893,2013-03-04,DEN,-9.5,212.0
21200894,2013-03-04,CHA,13.5,198.5
21200894,2013-03-04,POR,-13.5,198.5
21200895,2013-03-04,GSW,-6.5,205.5
21200895,2013-03-04,TOR,6.5,205.5
21200896,2013-03-05,BOS,-2.5,184.5
21200896,2013-03-05,PHI,2.5,184.5
21200897,2013-03-05,LAL,9.5,214.0
21200897,2013-03-05,OKC,-9.5,214.0
21200898,2013-03-05,DEN,-5.0,223.5
21200898,2013-03-05,SAC,5.0,223.5
21200899,2013-03-06,BKN,-9.5,191.5
21200899,2013-03-06,CHA,9.5,191.5
21200900,2013-03-06,CLE,0.0,202.5
21200900,2013-03-06,UTA,0.0,202.5
21200901,2013-03-06,BOS,9.0,184.5
21200901,2013-03-06,IND,-9.0,184.5
21200902,2013-03-06,ATL,-9.0,190.0
21200902,2013-03-06,PHI,9.0,190.0
21200903,2013-03-06,MIA,-15.5,203.0
21200903,2013-03-06,ORL,15.5,203.0
21200904,2013-03-06,DET,5.0,195.0
21200904,2013-03-06,NYK,-5.0,195.0
21200905,2013-03-06,MEM,-7.0,185.0
21200905,2013-03-06,POR,7.0,185.0
21200906,2013-03-06,LAL,-2.0,203.0
21200907,2013-03-06,MIN,2.0,188.0
21200907,2013-03-06,WAS,-2.0,188.0
21200908,2013-03-06,DAL,-2.0,221.0
21200908,2013-03-06,HOU,2.0,221.0
21200909,2013-03-06,CHI,8.5,190.5
21200909,2013-03-06,SAS,-8.5,190.5
21200910,2013-03-06,PHX,1.5,192.5
21200910,2013-03-06,TOR,-1.5,192.5
21200911,2013-03-06,LAC,-9.5,204.0
21200911,2013-03-06,MIL,9.5,204.0
21200912,2013-03-06,GSW,-11.0,222.5
21200912,2013-03-06,SAC,11.0,222.5
21200913,2013-03-07,NYK,7.5,206.0
21200913,2013-03-07,OKC,-7.5,206.0
21200914,2013-03-07,DEN,-4.5,214.0
21200914,2013-03-07,LAC,4.5,214.0
21200915,2013-03-08,CHA,14.5,204.5
21200915,2013-03-08,OKC,-14.5,204.5
21200916,2013-03-08,IND,-9.5,189.5
21200916,2013-03-08,ORL,9.5,189.5
21200917,2013-03-08,ATL,4.0,188.5
21200917,2013-03-08,BOS,-4.0,188.5
21200918,2013-03-08,BKN,-5.5,183.0
21200918,2013-03-08,WAS,5.5,183.0
21200919,2013-03-08,DAL,-3.5,200.0
21200919,2013-03-08,DET,3.5,200.0
21200920,2013-03-08,CLE,5.5,186.0
21200920,2013-03-08,MEM,-5.5,186.0
21200921,2013-03-08,MIA,-13.0,194.5
21200921,2013-03-08,PHI,13.0,194.5
21200922,2013-03-08,CHI,-4.0,185.0
21200922,2013-03-08,UTA,4.0,185.0
21200923,2013-03-08,POR,11.5,201.5
21200923,2013-03-08,SAS,-11.5,201.5
21200924,2013-03-08,PHX,7.0,208.5
21200924,2013-03-08,SAC,-7.0,208.5
21200925,2013-03-08,LAL,-7.5,207.0
21200925,2013-03-08,TOR,7.5,207.0
21200926,2013-03-08,GSW,-2.0,222.5
21200926,2013-03-08,HOU,2.0,222.5
21200927,2013-03-09,ATL,-3.5,189.5
21200927,2013-03-09,BKN,3.5,189.5
21200928,2013-03-09,NYK,-6.5,192.5
21200928,2013-03-09,UTA,6.5,192.5
21200929,2013-03-09,CHA,11.0,188.5
21200929,2013-03-09,WAS,-11.0,188.5
21200930,2013-03-09,MEM,-7.5,183.0
21200931,2013-03-09,DEN,-15.5,210.0
21200931,2013-03-09,MIN,15.5,210.0
21200932,2013-03-09,HOU,-6.5,210.5
21200932,2013-03-09,PHX,6.5,210.5
21200933,2013-03-09,GSW,-3.0,211.0
21200933,2013-03-09,MIL,3.0,211.0
21200934,2013-03-10,BOS,11.0,199.5
21200934,2013-03-10,OKC,-11.0,199.5
21200935,2013-03-10,CHI,5.0,194.0
21200935,2013-03-10,LAL,-5.0,194.0
21200936,2013-03-10,CLE,5.0,202.0
21200936,2013-03-10,TOR,-5.0,202.0
21200937,2013-03-10,ORL,1.5,194.5
21200937,2013-03-10,PHI,-1.5,194.5
21200938,2013-03-10,IND,7.0,188.5
21200938,2013-03-10,MIA,-7.0,188.5
21200939,2013-03-10,POR,-3.0,195.5
21200940,2013-03-10,DAL,-7.0,200.5
21200940,2013-03-10,MIN,7.0,200.5
21200941,2013-03-10,MIL,1.5,216.5
21200941,2013-03-10,SAC,-1.5,216.5
21200942,2013-03-10,DET,14.0,199.0
21200942,2013-03-10,LAC,-14.0,199.0
21200943,2013-03-11,BKN,-6.0,184.5
21200943,2013-03-11,PHI,6.0,184.5
21200944,2013-03-11,OKC,2.5,207.0
21200944,2013-03-11,SAS,-2.5,207.0
21200945,2013-03-11,DET,11.0,195.5
21200945,2013-03-11,UTA,-11.0,195.5
21200946,2013-03-11,DEN,-9.0,209.5
21200946,2013-03-11,PHX,9.0,209.5
21200947,2013-03-11,GSW,-3.0,202.5
21200947,2013-03-11,NYK,3.0,202.5
21200948,2013-03-12,BOS,-10.5,188.0
21200948,2013-03-12,CHA,10.5,188.0
21200949,2013-03-12,LAL,-8.5,207.0
21200949,2013-03-12,ORL,8.5,207.0
21200950,2013-03-12,CLE,1.0,190.5
21200950,2013-03-12,WAS,-1.0,190.5
21200951,2013-03-12,BKN,-6.0,185.0
21200952,2013-03-12,ATL,10.0,196.5
21200952,2013-03-12,MIA,-10.0,196.5
21200953,2013-03-12,DAL,2.0,210.0
21200953,2013-03-12,MIL,-2.0,210.0
21200954,2013-03-12,MIN,8.5,195.5
21200954,2013-03-12,SAS,-8.5,195.5
21200955,2013-03-12,MEM,-1.5,186.0
21200955,2013-03-12,POR,1.5,186.0
21200956,2013-03-13,MIA,-8.0,193.0
21200956,2013-03-13,PHI,8.0,193.0
21200957,2013-03-13,MIL,-1.0,196.0
21200957,2013-03-13,WAS,1.0,196.0
21200958,2013-03-13,IND,-15.0,186.0
21200958,2013-03-13,MIN,15.0,186.0
21200959,2013-03-13,BOS,-5.5,190.5
21200959,2013-03-13,TOR,5.5,190.5
21200960,2013-03-13,ATL,2.0,204.0
21200960,2013-03-13,LAL,-2.0,204.0
21200961,2013-03-13,HOU,-12.0,213.0
21200961,2013-03-13,PHX,12.0,213.0
21200962,2013-03-13,OKC,-13.5,204.0
21200962,2013-03-13,UTA,13.5,204.0
21200963,2013-03-13,CHI,-3.0,197.0
21200963,2013-03-13,SAC,3.0,197.0
21200964,2013-03-13,DEN,-8.5,206.0
21200964,2013-03-13,NYK,8.5,206.0
21200965,2013-03-13,LAC,-6.0,185.0
21200965,2013-03-13,MEM,6.0,185.0
21200966,2013-03-13,DET,11.0,200.0
21200966,2013-03-13,GSW,-11.0,200.0
21200967,2013-03-14,DAL,8.5,206.0
21200967,2013-03-14,SAS,-8.5,206.0
21200968,2013-03-14,NYK,6.0,193.5
21200968,2013-03-14,POR,-6.0,193.5
21200969,2013-03-15,CHA,12.5,194.0
21200969,2013-03-15,TOR,-12.5,194.0
21200970,2013-03-15,WAS,-3.5,187.0
21200971,2013-03-15,IND,-8.5,190.0
21200971,2013-03-15,LAL,8.5,190.0
21200972,2013-03-15,ATL,-9.0,193.0
21200972,2013-03-15,PHX,9.0,193.0
21200973,2013-03-15,HOU,-14.0,210.0
21200973,2013-03-15,MIN,14.0,210.0
21200974,2013-03-15,OKC,-17.0,207.0
21200974,2013-03-15,ORL,17.0,207.0
21200975,2013-03-15,MIA,-6.0,202.5
21200975,2013-03-15,MIL,6.0,202.5
21200976,2013-03-15,CLE,8.0,203.0
21200976,2013-03-15,DAL,-8.0,203.0
21200977,2013-03-15,DEN,-5.0,195.0
21200977,2013-03-15,MEM,5.0,195.0
21200978,2013-03-15,CHI,4.0,187.0
21200978,2013-03-15,GSW,-4.0,187.0
21200979,2013-03-16,PHX,7.5,189.0
21200979,2013-03-16,WAS,-7.5,189.0
21200980,2013-03-16,BOS,-15.5,189.0
21200980,2013-03-16,CHA,15.5,189.0
21200981,2013-03-16,IND,-4.5,183.0
21200981,2013-03-16,PHI,4.5,183.0
21200982,2013-03-16,CLE,14.0,200.5
21200982,2013-03-16,SAS,-14.0,200.5
21200983,2013-03-16,MEM,2.5,183.5
21200983,2013-03-16,UTA,-2.5,183.5
21200984,2013-03-16,DET,10.5,200.0
21200984,2013-03-16,POR,-10.5,200.0
21200985,2013-03-17,MIA,-7.5,195.5
21200985,2013-03-17,TOR,7.5,195.5
21200986,2013-03-17,MIL,-9.0,207.5
21200986,2013-03-17,ORL,9.0,207.5
21200987,2013-03-17,LAC,-13.0,194.5
21200987,2013-03-17,NYK,13.0,194.5
21200988,2013-03-17,GSW,7.5,217.0
21200988,2013-03-17,HOU,-7.5,217.0
21200989,2013-03-17,MIN,0.0,189.5
21200990,2013-03-17,DAL,5.5,208.5
21200990,2013-03-17,OKC,-5.5,208.5
21200991,2013-03-17,ATL,4.0,188.5
21200991,2013-03-17,BKN,-4.0,188.5
21200992,2013-03-17,LAL,-8.5,214.5
21200992,2013-03-17,SAC,8.5,214.5
21200993,2013-03-18,PHI,-1.0,195.5
21200993,2013-03-18,POR,1.0,195.5
21200994,2013-03-18,CHA,6.5,189.0
21200994,2013-03-18,WAS,-6.5,189.0
21200995,2013-03-18,CLE,7.5,189.0
21200995,2013-03-18,IND,-7.5,189.0
21200996,2013-03-18,ATL,-4.0,203.0
21200996,2013-03-18,DAL,4.0,203.0
21200997,2013-03-18,BKN,-4.5,191.0
21200997,2013-03-18,DET,4.5,191.0
21200998,2013-03-18,BOS,5.0,190.0
21200998,2013-03-18,MIA,-5.0,190.0
21200999,2013-03-18,CHI,3.5,195.0
21200999,2013-03-18,DEN,-3.5,195.0
21201000,2013-03-18,MEM,-14.0,183.5
21201000,2013-03-18,MIN,14.0,183.5
21201001,2013-03-18,GSW,-3.5,195.5
21201002,2013-03-18,LAL,-3.0,200.5
21201002,2013-03-18,PHX,3.0,200.5
21201003,2013-03-18,NYK,10.5,189.0
21201003,2013-03-18,UTA,-10.5,189.0
21201004,2013-03-19,IND,-11.5,194.0
21201004,2013-03-19,ORL,11.5,194.0
21201005,2013-03-19,MIL,-5.5,208.0
21201005,2013-03-19,POR,5.5,208.0
21201006,2013-03-19,DEN,9.0,217.5
21201006,2013-03-19,OKC,-9.0,217.5
21201007,2013-03-19,LAC,-9.0,211.5
21201007,2013-03-19,SAC,9.0,211.5
21201008,2013-03-20,CHA,6.5,194.0
21201008,2013-03-20,TOR,-6.5,194.0
21201009,2013-03-20,CLE,11.0,197.5
21201009,2013-03-20,MIA,-11.0,197.5
21201010,2013-03-20,NYK,-10.5,197.0
21201010,2013-03-20,ORL,10.5,197.0
21201011,2013-03-20,ATL,-6.0,206.0
21201011,2013-03-20,MIL,6.0,206.0
21201012,2013-03-20,MEM,-1.0,190.5
21201012,2013-03-20,OKC,1.0,190.5
21201013,2013-03-20,BOS,-4.5,187.5
21201014,2013-03-20,HOU,-7.5,209.0
21201014,2013-03-20,UTA,7.5,209.0
21201015,2013-03-20,BKN,3.5,199.0
21201015,2013-03-20,DAL,-3.5,199.0
21201016,2013-03-20,GSW,8.5,203.0
21201016,2013-03-20,SAS,-8.5,203.0
21201017,2013-03-20,PHX,0.0,193.0
21201017,2013-03-20,WAS,0.0,193.0
21201018,2013-03-20,LAC,-10.5,195.5
21201018,2013-03-20,PHI,10.5,195.5
21201019,2013-03-21,CHI,-5.5,188.5
21201019,2013-03-21,POR,5.5,188.5
21201020,2013-03-21,DEN,-14.0,205.0
21201020,2013-03-21,PHI,14.0,205.0
21201021,2013-03-21,MIN,6.0,212.0
21201021,2013-03-21,SAC,-6.0,212.0
21201022,2013-03-22,NYK,0.0,192.5
21201022,2013-03-22,TOR,0.0,192.5
21201023,2013-03-22,OKC,-13.0,208.0
21201023,2013-03-22,ORL,13.0,208.0
21201024,2013-03-22,IND,-8.0,191.0
21201024,2013-03-22,MIL,8.0,191.0
21201025,2013-03-22,ATL,-7.5,200.5
21201025,2013-03-22,POR,7.5,200.5
21201026,2013-03-22,DET,15.5,198.5
21201026,2013-03-22,MIA,-15.5,198.5
21201027,2013-03-22,MEM,-6.0,177.0
21201028,2013-03-22,CLE,12.5,212.0
21201028,2013-03-22,HOU,-12.5,212.0
21201029,2013-03-22,BOS,4.5,196.0
21201029,2013-03-22,DAL,-4.5,196.0
21201030,2013-03-22,SAS,-11.0,199.5
21201030,2013-03-22,UTA,11.0,199.5
21201031,2013-03-22,MIN,1.5,194.0
21201031,2013-03-22,PHX,-1.5,194.0
21201032,2013-03-22,LAL,-8.5,199.0
21201032,2013-03-22,WAS,8.5,199.0
21201033,2013-03-23,CHA,-1.0,199.5
21201033,2013-03-23,DET,1.0,199.5
21201034,2013-03-23,NYK,-7.0,192.0
21201034,2013-03-23,TOR,7.0,192.0
21201035,2013-03-23,CHI,-3.0,179.0
21201035,2013-03-23,IND,3.0,179.0
21201036,2013-03-23,BOS,7.5,177.0
21201036,2013-03-23,MEM,-7.5,177.0
21201037,2013-03-23,DEN,-12.0,221.0
21201037,2013-03-23,SAC,12.0,221.0
21201038,2013-03-23,BKN,8.0,192.5
21201038,2013-03-23,LAC,-8.0,192.5
21201039,2013-03-23,GSW,-8.5,194.5
21201039,2013-03-23,WAS,8.5,194.5
21201040,2013-03-24,ATL,2.5,202.5
21201040,2013-03-24,MIL,-2.5,202.5
21201041,2013-03-24,CHA,17.0,197.5
21201041,2013-03-24,MIA,-17.0,197.5
21201042,2013-03-24,HOU,1.0,213.0
21201042,2013-03-24,SAS,-1.0,213.0
21201043,2013-03-24,OKC,-11.5,206.0
21201043,2013-03-24,POR,11.5,206.0
21201044,2013-03-24,CHI,2.0,185.5
21201044,2013-03-24,MIN,-2.0,185.5
21201045,2013-03-24,DAL,-6.0,200.0
21201045,2013-03-24,UTA,6.0,200.0
21201046,2013-03-24,BKN,-5.5,191.0
21201046,2013-03-24,PHX,5.5,191.0
21201047,2013-03-24,PHI,3.0,206.0
21201047,2013-03-24,SAC,-3.0,206.0
21201048,2013-03-25,MEM,-4.0,182.5
21201048,2013-03-25,WAS,4.0,182.5
21201049,2013-03-25,MIA,-12.5,198.0
21201049,2013-03-25,ORL,12.5,198.0
21201050,2013-03-25,ATL,6.5,186.0
21201050,2013-03-25,IND,-6.5,186.0
21201051,2013-03-25,DEN,-7.0,199.0
21201052,2013-03-25,PHI,7.5,191.5
21201052,2013-03-25,UTA,-7.5,191.5
21201053,2013-03-25,GSW,-1.0,204.5
21201053,2013-03-25,LAL,1.0,204.5
21201054,2013-03-26,BOS,-2.0,192.0
21201054,2013-03-26,NYK,2.0,192.0
21201055,2013-03-26,DET,1.0,196.0
21201055,2013-03-26,MIN,-1.0,196.0
21201056,2013-03-26,DAL,0.0,202.0
21201056,2013-03-26,LAC,0.0,202.0
21201057,2013-03-27,ATL,-2.5,194.5
21201057,2013-03-27,TOR,2.5,194.5
21201058,2013-03-27,MIL,0.0,198.5
21201058,2013-03-27,PHI,0.0,198.5
21201059,2013-03-27,CHA,-3.0,200.5
21201059,2013-03-27,ORL,3.0,200.5
21201060,2013-03-27,BOS,-2.5,197.0
21201060,2013-03-27,CLE,2.5,197.0
21201061,2013-03-27,MEM,0.0,186.0
21201061,2013-03-27,NYK,0.0,186.0
21201062,2013-03-27,CHI,6.0,186.0
21201062,2013-03-27,MIA,-6.0,186.0
21201063,2013-03-27,LAC,-5.5,188.0
21201064,2013-03-27,HOU,-5.5,196.5
21201064,2013-03-27,IND,5.5,196.5
21201065,2013-03-27,OKC,-14.5,199.0
21201065,2013-03-27,WAS,14.5,199.0
21201066,2013-03-27,LAL,-4.5,203.0
21201066,2013-03-27,MIN,4.5,203.0
21201067,2013-03-27,DEN,6.5,209.0
21201067,2013-03-27,SAS,-6.5,209.0
21201068,2013-03-27,PHX,13.5,195.0
21201068,2013-03-27,UTA,-13.5,195.0
21201069,2013-03-27,GSW,-9.0,213.5
21201069,2013-03-27,SAC,9.0,213.5
21201070,2013-03-27,BKN,3.0,195.5
21201070,2013-03-27,POR,-3.0,195.5
21201071,2013-03-28,LAL,-2.0,209.0
21201071,2013-03-28,MIL,2.0,209.0
21201072,2013-03-28,DAL,-3.5,192.5
21201072,2013-03-28,IND,3.5,192.5
21201073,2013-03-28,PHX,3.5,206.5
21201073,2013-03-28,SAC,-3.5,206.5
21201074,2013-03-29,ORL,3.5,196.0
21201074,2013-03-29,WAS,-3.5,196.0
21201075,2013-03-29,ATL,2.5,194.5
21201075,2013-03-29,BOS,-2.5,194.5
21201076,2013-03-29,CHA,14.0,198.5
21201076,2013-03-29,NYK,-14.0,198.5
21201077,2013-03-29,DET,-1.5,195.0
21201077,2013-03-29,TOR,1.5,195.0
21201078,2013-03-29,CLE,2.0,194.0
21201078,2013-03-29,PHI,-2.0,194.0
21201079,2013-03-29,HOU,5.0,196.0
21201079,2013-03-29,MEM,-5.0,196.0
21201080,2013-03-29,MIA,-7.5,190.0
21201081,2013-03-29,MIN,7.5,202.5
21201081,2013-03-29,OKC,-7.5,202.5
21201082,2013-03-29,LAC,4.0,198.0
21201082,2013-03-29,SAS,-4.0,198.0
21201083,2013-03-29,BKN,7.0,203.0
21201083,2013-03-29,DEN,-7.0,203.0
21201084,2013-03-29,POR,-2.5,196.0
21201084,2013-03-29,UTA,2.5,196.0
21201085,2013-03-30,CHI,5.0,193.0
21201085,2013-03-30,DAL,-5.0,193.0
21201086,2013-03-30,ATL,-10.5,202.5
21201086,2013-03-30,ORL,10.5,202.5
21201087,2013-03-30,CHA,10.0,194.0
21201087,2013-03-30,PHI,-10.0,194.0
21201088,2013-03-30,HOU,1.0,204.0
21201088,2013-03-30,LAC,-1.0,204.0
21201089,2013-03-30,MEM,-4.0,185.0
21201089,2013-03-30,MIN,4.0,185.0
21201090,2013-03-30,MIL,6.0,207.0
21201090,2013-03-30,OKC,-6.0,207.0
21201091,2013-03-30,BKN,4.5,192.0
21201091,2013-03-30,UTA,-4.5,192.0
21201092,2013-03-30,IND,-10.0,188.0
21201092,2013-03-30,PHX,10.0,188.0
21201093,2013-03-30,LAL,-1.5,218.0
21201093,2013-03-30,SAC,1.5,218.0
21201094,2013-03-30,GSW,-10.0,202.5
21201094,2013-03-30,POR,10.0,202.5
21201095,2013-03-31,TOR,4.0,194.5
21201095,2013-03-31,WAS,-4.0,194.5
21201096,2013-03-31,CLE,6.0,193.5
21201097,2013-03-31,CHI,-8.5,186.5
21201097,2013-03-31,DET,8.5,186.5
21201098,2013-03-31,MIA,5.0,197.5
21201098,2013-03-31,SAS,-5.0,197.5
21201099,2013-03-31,BOS,7.0,197.0
21201099,2013-03-31,NYK,-7.0,197.0
21201100,2013-04-01,DET,6.0,194.0
21201100,2013-04-01,TOR,-6.0,194.0
21201101,2013-04-01,ATL,-10.5,200.0
21201101,2013-04-01,CLE,10.5,200.0
21201102,2013-04-01,CHA,12.0,203.5
21201102,2013-04-01,MIL,-12.0,203.5
21201103,2013-04-01,MEM,-5.5,186.5
21201103,2013-04-01,SAS,5.5,186.5
21201104,2013-04-01,HOU,-12.0,202.0
21201104,2013-04-01,ORL,12.0,202.0
21201105,2013-04-01,BOS,4.5,191.5
21201105,2013-04-01,MIN,-4.5,191.5
21201106,2013-04-01,POR,10.0,200.0
21201106,2013-04-01,UTA,-10.0,200.0
21201107,2013-04-01,IND,4.0,189.0
21201107,2013-04-01,LAC,-4.0,189.0
21201108,2013-04-02,CHI,2.5,186.5
21201108,2013-04-02,WAS,-2.5,186.5
21201109,2013-04-02,MIA,2.5,191.5
21201109,2013-04-02,NYK,-2.5,191.5
21201110,2013-04-02,DAL,3.5,207.5
21201110,2013-04-02,LAL,-3.5,207.5
21201111,2013-04-03,TOR,-4.5,194.5
21201111,2013-04-03,WAS,4.5,194.5
21201112,2013-04-03,CHA,4.5,195.5
21201112,2013-04-03,PHI,-4.5,195.5
21201113,2013-04-03,ATL,-1.5,196.0
21201113,2013-04-03,NYK,1.5,196.0
21201114,2013-04-03,BKN,-5.0,199.0
21201114,2013-04-03,CLE,5.0,199.0
21201115,2013-04-03,BOS,-7.0,197.0
21201115,2013-04-03,DET,7.0,197.0
21201116,2013-04-03,MIL,-4.5,207.5
21201116,2013-04-03,MIN,4.5,207.5
21201117,2013-04-03,ORL,14.0,198.0
21201117,2013-04-03,SAS,-14.0,198.0
21201118,2013-04-03,DEN,3.0,205.0
21201118,2013-04-03,UTA,-3.0,205.0
21201119,2013-04-03,HOU,-4.0,216.5
21201119,2013-04-03,SAC,4.0,216.5
21201120,2013-04-03,MEM,-6.5,189.0
21201120,2013-04-03,POR,6.5,189.0
21201121,2013-04-03,LAC,-16.5,200.5
21201121,2013-04-03,PHX,16.5,200.5
21201122,2013-04-03,GSW,-7.5,197.0
21201123,2013-04-04,BKN,-5.0,187.5
21201123,2013-04-04,CHI,5.0,187.5
21201124,2013-04-04,DAL,7.0,208.0
21201124,2013-04-04,DEN,-7.0,208.0
21201125,2013-04-04,OKC,-7.5,200.5
21201125,2013-04-04,SAS,7.5,200.5
21201126,2013-04-05,CHA,5.0,193.5
21201126,2013-04-05,MIA,-5.0,193.5
21201127,2013-04-05,BOS,-6.5,202.0
21201127,2013-04-05,CLE,6.5,202.0
21201128,2013-04-05,MIL,7.5,202.5
21201128,2013-04-05,NYK,-7.5,202.5
21201129,2013-04-05,ATL,-6.5,193.0
21201129,2013-04-05,PHI,6.5,193.0
21201130,2013-04-05,IND,-2.5,191.0
21201130,2013-04-05,OKC,2.5,191.0
21201131,2013-04-05,CHI,-8.5,191.0
21201131,2013-04-05,ORL,8.5,191.0
21201132,2013-04-05,MIN,-6.0,198.0
21201132,2013-04-05,TOR,6.0,198.0
21201133,2013-04-05,UTA,-9.0,192.0
21201134,2013-04-05,GSW,-8.0,204.0
21201134,2013-04-05,PHX,8.0,204.0
21201135,2013-04-05,DAL,2.0,213.5
21201135,2013-04-05,SAC,-2.0,213.5
21201136,2013-04-05,HOU,-6.5,207.5
21201136,2013-04-05,POR,6.5,207.5
21201137,2013-04-05,LAL,-2.5,191.0
21201137,2013-04-05,MEM,2.5,191.0
21201138,2013-04-06,IND,-3.5,184.0
21201138,2013-04-06,WAS,3.5,184.0
21201139,2013-04-06,BKN,-14.5,196.0
21201139,2013-04-06,CHA,14.5,196.0
21201140,2013-04-06,MIA,-7.5,188.5
21201140,2013-04-06,PHI,7.5,188.5
21201141,2013-04-06,DET,6.5,197.0
21201141,2013-04-06,MIN,-6.5,197.0
21201142,2013-04-06,MIL,-6.0,202.0
21201142,2013-04-06,TOR,6.0,202.0
21201143,2013-04-06,ATL,9.0,193.5
21201143,2013-04-06,SAS,-9.0,193.5
21201144,2013-04-06,DEN,-6.0,212.5
21201144,2013-04-06,HOU,6.0,212.5
21201145,2013-04-07,NYK,8.0,195.5
21201145,2013-04-07,OKC,-8.0,195.5
21201146,2013-04-07,LAC,-4.5,202.0
21201146,2013-04-07,LAL,4.5,202.0
21201147,2013-04-07,BOS,-6.0,204.0
21201147,2013-04-07,WAS,6.0,204.0
21201148,2013-04-07,CLE,-6.0,204.0
21201148,2013-04-07,ORL,6.0,204.0
21201149,2013-04-07,MEM,-5.5,197.0
21201149,2013-04-07,SAC,5.5,197.0
21201150,2013-04-07,CHI,-5.0,186.0
21201150,2013-04-07,DET,5.0,186.0
21201151,2013-04-07,GSW,-5.5,200.0
21201151,2013-04-07,UTA,5.5,200.0
21201152,2013-04-07,PHX,2.5,198.0
21201153,2013-04-07,DAL,-3.5,205.5
21201153,2013-04-07,POR,3.5,205.5
21201154,2013-04-09,CLE,14.0,189.5
21201154,2013-04-09,IND,-14.0,189.5
21201155,2013-04-09,BKN,-8.0,192.5
21201155,2013-04-09,PHI,8.0,192.5
21201156,2013-04-09,NYK,-9.5,196.5
21201156,2013-04-09,WAS,9.5,196.5
21201157,2013-04-09,MIA,-6.5,194.0
21201157,2013-04-09,MIL,6.5,194.0
21201158,2013-04-09,CHI,-3.5,185.0
21201158,2013-04-09,TOR,3.5,185.0
21201159,2013-04-09,CHA,14.0,185.0
21201159,2013-04-09,MEM,-14.0,185.0
21201160,2013-04-09,HOU,-14.0,212.0
21201160,2013-04-09,PHX,14.0,212.0
21201161,2013-04-09,OKC,-3.5,199.5
21201161,2013-04-09,UTA,3.5,199.5
21201162,2013-04-09,LAL,-8.5,196.0
21201163,2013-04-09,GSW,-6.5,201.5
21201163,2013-04-09,MIN,6.5,201.5
21201164,2013-04-10,ATL,-3.0,192.0
21201164,2013-04-10,PHI,3.0,192.0
21201165,2013-04-10,MIA,2.5,189.5
21201165,2013-04-10,WAS,-2.5,189.5
21201166,2013-04-10,MIL,-4.5,201.5
21201166,2013-04-10,ORL,4.5,201.5
21201167,2013-04-10,CLE,-2.0,199.0
21201167,2013-04-10,DET,2.0,199.0
21201168,2013-04-10,BKN,3.5,192.5
21201168,2013-04-10,BOS,-3.5,192.5
21201169,2013-04-10,DAL,-13.5,203.5
21201169,2013-04-10,PHX,13.5,203.5
21201170,2013-04-10,SAC,-6.0,202.0
21201171,2013-04-10,LAL,-5.5,201.0
21201171,2013-04-10,POR,5.5,201.0
21201172,2013-04-10,DEN,-3.5,204.0
21201172,2013-04-10,SAS,3.5,204.0
21201173,2013-04-10,LAC,-12.5,201.0
21201173,2013-04-10,MIN,12.5,201.0
21201174,2013-04-11,CHI,4.0,190.5
21201174,2013-04-11,NYK,-4.0,190.5
21201175,2013-04-11,GSW,4.5,203.5
21201175,2013-04-11,OKC,-4.5,203.5
21201176,2013-04-12,CHI,3.0,188.0
21201176,2013-04-12,TOR,-3.0,188.0
21201177,2013-04-12,PHI,5.5,192.5
21201177,2013-04-12,WAS,-5.5,192.5
21201178,2013-04-12,BKN,5.5,187.5
21201178,2013-04-12,IND,-5.5,187.5
21201179,2013-04-12,ATL,-7.0,201.0
21201179,2013-04-12,MIL,7.0,201.0
21201180,2013-04-12,BOS,12.0,196.0
21201180,2013-04-12,MIA,-12.0,196.0
21201181,2013-04-12,CHA,7.5,197.5
21201181,2013-04-12,DET,-7.5,197.5
21201182,2013-04-12,CLE,4.5,205.5
21201182,2013-04-12,NYK,-4.5,205.5
21201183,2013-04-12,LAC,-8.0,193.5
21201184,2013-04-12,HOU,-2.5,193.5
21201184,2013-04-12,MEM,2.5,193.5
21201185,2013-04-12,DAL,3.0,206.5
21201185,2013-04-12,DEN,-3.0,206.5
21201186,2013-04-12,SAC,12.5,207.0
21201186,2013-04-12,SAS,-12.5,207.0
21201187,2013-04-12,MIN,8.5,196.0
21201187,2013-04-12,UTA,-8.5,196.0
21201188,2013-04-12,OKC,-9.5,204.5
21201188,2013-04-12,POR,9.5,204.5
21201189,2013-04-12,GSW,7.5,206.0
21201189,2013-04-12,LAL,-7.5,206.0
21201190,2013-04-13,CHA,4.0,202.0
21201190,2013-04-13,MIL,-4.0,202.0
21201191,2013-04-13,BOS,-4.0,195.5
21201191,2013-04-13,ORL,4.0,195.5
21201192,2013-04-13,LAC,3.0,181.5
21201192,2013-04-13,MEM,-3.0,181.5
21201193,2013-04-13,MIN,-5.0,200.5
21201193,2013-04-13,PHX,5.0,200.5
21201194,2013-04-14,CHI,10.0,190.0
21201194,2013-04-14,MIA,-10.0,190.0
21201195,2013-04-14,BKN,-3.5,194.5
21201195,2013-04-14,TOR,3.5,194.5
21201196,2013-04-14,IND,4.0,194.0
21201196,2013-04-14,NYK,-4.0,194.0
21201197,2013-04-14,CLE,5.5,197.0
21201197,2013-04-14,PHI,-5.5,197.0
21201198,2013-04-14,DEN,-15.0,208.5
21201198,2013-04-14,POR,15.0,208.5
21201199,2013-04-14,DAL,-3.0,195.5
21201200,2013-04-14,HOU,-10.5,217.0
21201200,2013-04-14,SAC,10.5,217.0
21201201,2013-04-14,LAL,3.5,196.5
21201201,2013-04-14,SAS,-3.5,196.5
21201202,2013-04-15,CHA,-1.5,195.5
21201202,2013-04-15,NYK,1.5,195.5
21201203,2013-04-15,CHI,-5.0,191.5
21201203,2013-04-15,ORL,5.0,191.5
21201204,2013-04-15,CLE,-1.5,193.0
21201204,2013-04-15,MIA,1.5,193.0
21201205,2013-04-15,BKN,-5.5,190.5
21201205,2013-04-15,WAS,5.5,190.5
21201206,2013-04-15,DET,-4.0,194.5
21201206,2013-04-15,PHI,4.0,194.5
21201207,2013-04-15,DEN,-5.0,214.0
21201207,2013-04-15,MIL,5.0,214.0
21201208,2013-04-15,DAL,4.0,186.0
21201208,2013-04-15,MEM,-4.0,186.0
21201209,2013-04-15,OKC,-15.5,214.0
21201209,2013-04-15,SAC,15.5,214.0
21201210,2013-04-15,MIN,5.0,196.0
21201210,2013-04-15,UTA,-5.0,196.0
21201211,2013-04-15,HOU,-7.0,210.0
21201211,2013-04-15,PHX,7.0,210.0
21201212,2013-04-15,GSW,-3.5,199.5
21201212,2013-04-15,SAS,3.5,199.5
21201213,2013-04-16,ATL,-5.0,197.0
21201213,2013-04-16,TOR,5.0,197.0
21201215,2013-04-16,LAC,-15.5,203.0
21201215,2013-04-16,POR,15.5,203.0
21201216,2013-04-17,BOS,6.0,195.5
21201216,2013-04-17,TOR,-6.0,195.5
21201217,2013-04-17,BKN,-5.5,197.0
21201217,2013-04-17,DET,5.5,197.0
21201218,2013-04-17,ATL,5.0,193.5
21201218,2013-04-17,NYK,-5.0,193.5
21201219,2013-04-17,CHA,-2.5,202.5
21201219,2013-04-17,CLE,2.5,202.5
21201220,2013-04-17,MIA,-7.0,192.5
21201220,2013-04-17,ORL,7.0,192.5
21201221,2013-04-17,IND,-3.0,187.0
21201221,2013-04-17,PHI,3.0,187.0
21201222,2013-04-17,CHI,-8.0,186.0
21201222,2013-04-17,WAS,8.0,186.0
21201223,2013-04-17,MEM,-5.0,178.5
21201223,2013-04-17,UTA,5.0,178.5
21201224,2013-04-17,DAL,-8.0,197.5
21201225,2013-04-17,MIN,9.0,198.0
21201225,2013-04-17,SAS,-9.0,198.0
21201226,2013-04-17,MIL,3.5,202.0
21201226,2013-04-17,OKC,-3.5,202.0
21201227,2013-04-17,DEN,-13.0,212.0
21201227,2013-04-17,PHX,13.0,212.0
21201228,2013-04-17,HOU,0.0,205.0
21201228,2013-04-17,LAL,0.0,205.0
21201229,2013-04-17,LAC,-6.5,207.5
21201229,2013-04-17,SAC,6.5,207.5
21201230,2013-04-17,GSW,-8.0,205.5
21201230,2013-04-17,POR,8.0,205.5
41200101,2013-04-21,MIA,-13.0,199.0
41200101,2013-04-21,MIL,13.0,199.0
41200102,2013-04-23,MIA,-14.5,197.0
41200102,2013-04-23,MIL,14.5,197.0
41200103,2013-04-25,MIA,-7.5,195.0
41200103,2013-04-25,MIL,7.5,195.0
41200104,2013-04-28,MIA,-8.5,195.0
41200104,2013-04-28,MIL,8.5,195.0
41200111,2013-04-20,BOS,7.0,189.5
41200111,2013-04-20,NYK,-7.0,189.5
41200112,2013-04-23,BOS,6.5,185.5
41200112,2013-04-23,NYK,-6.5,185.5
41200113,2013-04-26,BOS,-2.5,184.5
41200113,2013-04-26,NYK,2.5,184.5
41200114,2013-04-28,BOS,2.0,181.0
41200114,2013-04-28,NYK,-2.0,181.0
41200115,2013-05-01,BOS,8.5,180.5
41200115,2013-05-01,NYK,-8.5,180.5
41200116,2013-05-03,BOS,2.0,181.0
41200116,2013-05-03,NYK,-2.0,181.0
41200121,2013-04-21,ATL,7.0,185.5
41200121,2013-04-21,IND,-7.0,185.5
41200122,2013-04-24,ATL,7.0,187.0
41200122,2013-04-24,IND,-7.0,187.0
41200123,2013-04-27,ATL,-2.5,190.0
41200123,2013-04-27,IND,2.5,190.0
41200124,2013-04-29,ATL,-1.5,186.0
41200124,2013-04-29,IND,1.5,186.0
41200125,2013-05-01,ATL,7.0,187.5
41200125,2013-05-01,IND,-7.0,187.5
41200126,2013-05-03,ATL,-1.0,186.5
41200126,2013-05-03,IND,1.0,186.5
41200131,2013-04-20,BKN,-4.5,181.5
41200131,2013-04-20,CHI,4.5,181.5
41200132,2013-04-22,BKN,-5.0,183.0
41200132,2013-04-22,CHI,5.0,183.0
41200133,2013-04-25,BKN,3.5,181.0
41200133,2013-04-25,CHI,-3.5,181.0
41200134,2013-04-27,BKN,2.5,178.0
41200134,2013-04-27,CHI,-2.5,178.0
41200135,2013-04-29,BKN,-6.0,180.5
41200135,2013-04-29,CHI,6.0,180.5
41200136,2013-05-02,BKN,0.0,184.0
41200136,2013-05-02,CHI,0.0,184.0
41200137,2013-05-04,BKN,-6.5,181.5
41200137,2013-05-04,CHI,6.5,181.5
41200141,2013-04-21,HOU,10.0,213.0
41200141,2013-04-21,OKC,-10.0,213.0
41200142,2013-04-24,HOU,11.0,212.5
41200142,2013-04-24,OKC,-11.0,212.5
41200143,2013-04-27,HOU,1.0,207.5
41200143,2013-04-27,OKC,-1.0,207.5
41200144,2013-04-29,HOU,1.0,206.0
41200144,2013-04-29,OKC,-1.0,206.0
41200145,2013-05-01,HOU,8.5,207.5
41200145,2013-05-01,OKC,-8.5,207.5
41200146,2013-05-03,HOU,0.0,206.0
41200146,2013-05-03,OKC,0.0,206.0
41200151,2013-04-21,LAL,9.0,190.5
41200151,2013-04-21,SAS,-9.0,190.5
41200152,2013-04-24,LAL,8.5,187.5
41200152,2013-04-24,SAS,-8.5,187.5
41200153,2013-04-26,LAL,6.5,185.5
41200153,2013-04-26,SAS,-6.5,185.5
41200154,2013-04-28,LAL,11.0,189.5
41200154,2013-04-28,SAS,-11.0,189.5
41200161,2013-04-20,DEN,-7.5,211.0
41200161,2013-04-20,GSW,7.5,211.0
41200162,2013-04-23,DEN,-8.0,207.5
41200162,2013-04-23,GSW,8.0,207.5
41200163,2013-04-26,DEN,0.0,212.0
41200163,2013-04-26,GSW,0.0,212.0
41200164,2013-04-28,DEN,-1.5,212.5
41200164,2013-04-28,GSW,1.5,212.5
41200165,2013-04-30,DEN,-7.5,211.5
41200165,2013-04-30,GSW,7.5,211.5
41200166,2013-05-02,DEN,2.0,211.0
41200166,2013-05-02,GSW,-2.0,211.0
41200171,2013-04-20,LAC,-5.5,179.0
41200171,2013-04-20,MEM,5.5,179.0
41200172,2013-04-22,LAC,-6.0,180.0
41200172,2013-04-22,MEM,6.0,180.0
41200173,2013-04-25,LAC,4.5,179.5
41200173,2013-04-25,MEM,-4.5,179.5
41200174,2013-04-27,LAC,3.5,177.0
41200174,2013-04-27,MEM,-3.5,177.0
41200175,2013-04-30,LAC,-5.0,179.5
41200175,2013-04-30,MEM,5.0,179.5
41200176,2013-05-03,LAC,6.0,179.5
41200176,2013-05-03,MEM,-6.0,179.5
41200201,2013-05-06,CHI,12.0,188.5
41200201,2013-05-06,MIA,-12.0,188.5
41200202,2013-05-08,CHI,13.0,187.0
41200202,2013-05-08,MIA,-13.0,187.0
41200203,2013-05-10,CHI,8.0,187.5
41200203,2013-05-10,MIA,-8.0,187.5
41200204,2013-05-13,CHI,8.5,186.5
41200204,2013-05-13,MIA,-8.5,186.5
41200205,2013-05-15,CHI,14.0,181.0
41200205,2013-05-15,MIA,-14.0,181.0
41200211,2013-05-05,IND,5.5,182.5
41200211,2013-05-05,NYK,-5.5,182.5
41200212,2013-05-07,IND,6.0,184.0
41200212,2013-05-07,NYK,-6.0,184.0
41200213,2013-05-11,IND,-4.5,183.0
41200213,2013-05-11,NYK,4.5,183.0
41200214,2013-05-14,IND,-5.0,180.0
41200214,2013-05-14,NYK,5.0,180.0
41200215,2013-05-16,IND,5.0,179.0
41200215,2013-05-16,NYK,-5.0,179.0
41200216,2013-05-18,IND,-5.0,179.0
41200216,2013-05-18,NYK,5.0,179.0
41200221,2013-05-05,MEM,3.0,186.0
41200221,2013-05-05,OKC,-3.0,186.0
41200222,2013-05-07,MEM,2.5,186.0
41200222,2013-05-07,OKC,-2.5,186.0
41200223,2013-05-11,MEM,-5.0,187.0
41200223,2013-05-11,OKC,5.0,187.0
41200224,2013-05-13,MEM,-5.0,184.5
41200224,2013-05-13,OKC,5.0,184.5
41200225,2013-05-15,MEM,5.0,185.0
41200225,2013-05-15,OKC,-5.0,185.0
41200231,2013-05-06,GSW,9.0,202.5
41200231,2013-05-06,SAS,-9.0,202.5
41200232,2013-05-08,GSW,7.5,204.5
41200232,2013-05-08,SAS,-7.5,204.5
41200233,2013-05-10,GSW,-2.0,202.0
41200233,2013-05-10,SAS,2.0,202.0
41200234,2013-05-12,GSW,1.0,198.0
41200234,2013-05-12,SAS,-1.0,198.0
41200235,2013-05-14,GSW,7.0,195.0
41200235,2013-05-14,SAS,-7.0,195.0
41200236,2013-05-16,GSW,2.0,194.5
41200236,2013-05-16,SAS,-2.0,194.5
41200301,2013-05-22,IND,8.0,182.0
41200301,2013-05-22,MIA,-8.0,182.0
41200302,2013-05-24,IND,7.5,182.0
41200302,2013-05-24,MIA,-7.5,182.0
41200303,2013-05-26,IND,2.0,183.0
41200303,2013-05-26,MIA,-2.0,183.0
41200304,2013-05-28,IND,3.0,185.0
41200304,2013-05-28,MIA,-3.0,185.0
41200305,2013-05-30,IND,7.5,183.5
41200305,2013-05-30,MIA,-7.5,183.5
41200306,2013-06-01,IND,2.5,183.0
41200306,2013-06-01,MIA,-2.5,183.0
41200307,2013-06-03,IND,7.0,180.0
41200307,2013-06-03,MIA,-7.0,180.0
41200311,2013-05-19,MEM,4.5,183.5
41200311,2013-05-19,SAS,-4.5,183.5
41200312,2013-05-21,MEM,5.0,182.0
41200312,2013-05-21,SAS,-5.0,182.0
41200313,2013-05-25,MEM,-5.0,179.0
41200313,2013-05-25,SAS,5.0,179.0
41200314,2013-05-27,MEM,-2.5,180.5
41200314,2013-05-27,SAS,2.5,180.5
41200401,2013-06-06,MIA,-5.0,188.5
41200401,2013-06-06,SAS,5.0,188.5
41200402,2013-06-09,MIA,-6.0,188.5
41200402,2013-06-09,SAS,6.0,188.5
41200403,2013-06-11,MIA,2.0,188.0
41200403,2013-06-11,SAS,-2.0,188.0
41200404,2013-06-13,MIA,0.0,187.0
41200404,2013-06-13,SAS,0.0,187.0
41200405,2013-06-16,MIA,-1.0,187.5
41200405,2013-06-16,SAS,1.0,187.5
41200406,2013-06-18,MIA,-6.5,191.5
41200406,2013-06-18,SAS,6.5,191.5
41200407,2013-06-20,MIA,-6.0,188.0
41200407,2013-06-20,SAS,6.0,188.0
